colorCode,colorName,hexCode,manufacturer
OC-1,Natural Wicker,#e8dfcb,Benjamin Moore
OC-2,Pale Almond,#e8dcc4,Benjamin Moore
OC-3,Lambskin,#e9ddc9,Benjamin Moore
OC-4,Brandy Cream,#e3d5c3,Benjamin Moore
OC-5,Maritime White,#e6dfcf,Benjamin Moore
OC-6,Feather Down,#e7e1d0,Benjamin Moore
OC-7,Creamy White,#e4ddc9,Benjamin Moore
OC-8,Elephant Tusk,#e5ddc5,Benjamin Moore
OC-9,Ballet White,#e6e1d1,Benjamin Moore
OC-10,White Sand,#e1d9c7,Benjamin Moore
OC-11,Clay Beige,#dad0bc,Benjamin Moore
OC-12,Muslin,#e2d7c2,Benjamin Moore
OC-13,Soft Chamois,#e9e6d9,Benjamin Moore
OC-14,Natural Cream,#dbd6c7,Benjamin Moore
OC-15,Baby Fawn,#dad4c5,Benjamin Moore
OC-16,Cedar Key,#d8cfc0,Benjamin Moore
OC-17,White Dove,#f0efe6,Benjamin Moore
OC-18,Dove Wing,#eae7dc,Benjamin Moore
OC-19,Seapearl,#e8e5da,Benjamin Moore
OC-20,Pale Oak,#dedacf,Benjamin Moore
OC-21,Winter White,#e8eae3,Benjamin Moore
OC-22,Calm,#e7e5e0,Benjamin Moore
OC-23,Classic Gray,#e4e1d8,Benjamin Moore
OC-24,Wind's Breath,#e0dcce,Benjamin Moore
OC-25,Cloud Cover,#eae9e1,Benjamin Moore
OC-26,Silver Satin,#e4e3db,Benjamin Moore
OC-27,Balboa Mist,#dbd7cd,Benjamin Moore
OC-28,Collingwood,#d4cfc5,Benjamin Moore
OC-29,Floral White,#eeecde,Benjamin Moore
OC-30,Gray Mist,#e4e0d3,Benjamin Moore
OC-31,Fog Mist,#e3ded1,Benjamin Moore
OC-32,Tapestry Beige,#dcd8c6,Benjamin Moore
OC-33,Opaline,#eee9d6,Benjamin Moore
OC-34,Marble White,#f1ecd8,Benjamin Moore
OC-35,Spanish White,#ece7d3,Benjamin Moore
OC-36,Niveous,#ebe5ce,Benjamin Moore
OC-37,Glacier White,#edebe1,Benjamin Moore
OC-38,Acadia White,#f3f0e0,Benjamin Moore
OC-39,Timid White,#f3efde,Benjamin Moore
OC-40,Albescent,#ece4d0,Benjamin Moore
OC-41,French Canvas,#e6e4d5,Benjamin Moore
OC-42,Old Prairie,#e3e1d2,Benjamin Moore
OC-43,Overcast,#dfdcc8,Benjamin Moore
OC-44,Misty Air,#e4dfc8,Benjamin Moore
OC-45,Swiss Coffee,#efede2,Benjamin Moore
OC-46,Halo,#e1dfd2,Benjamin Moore
OC-47,Ashwood,#dcd9ca,Benjamin Moore
OC-48,Hazy Skies,#cfccbb,Benjamin Moore
OC-49,Titanium,#dbdcd0,Benjamin Moore
OC-50,November Rain,#e1dfd1,Benjamin Moore
OC-51,Intense White,#e1e0d8,Benjamin Moore
OC-52,Gray Owl,#d4d5cd,Benjamin Moore
OC-53,Horizon,#e0e2dc,Benjamin Moore
OC-54,White Wisp,#e7e9e2,Benjamin Moore
OC-55,Paper White,#e1e3dd,Benjamin Moore
OC-56,Moonshine,#d7d9d0,Benjamin Moore
OC-57,White Heron,#f1f2eb,Benjamin Moore
OC-58,White Ice,#ebefea,Benjamin Moore
OC-59,Vanilla Milkshake,#edede4,Benjamin Moore
OC-60,Icicle,#eeeee4,Benjamin Moore
OC-61,White Diamond,#edf0ed,Benjamin Moore
OC-62,Baby's Breath,#ebede9,Benjamin Moore
OC-63,Winter Snow,#edefeb,Benjamin Moore
OC-64,Pure White,#e6e8e5,Benjamin Moore
OC-65,Chantilly Lace,#f5f7f2,Benjamin Moore
OC-66,Snow White,#f2f6f2,Benjamin Moore
OC-67,Ice Mist,#f2f5f2,Benjamin Moore
OC-68,Distant Gray,#f3f5f2,Benjamin Moore
OC-69,White Opulence,#f6f3ee,Benjamin Moore
OC-70,Whitewater Bay,#f5f0eb,Benjamin Moore
OC-71,Sand Dollar,#f1ece5,Benjamin Moore
OC-72,Pink Damask,#f7f1e8,Benjamin Moore
OC-73,Opal,#f7ede0,Benjamin Moore
OC-74,Onyx White,#f3e4d1,Benjamin Moore
OC-75,Pristine,#f1e3d3,Benjamin Moore
OC-76,Old Country,#e9d8c7,Benjamin Moore
OC-77,Colonial Cream,#f8ecdb,Benjamin Moore
OC-78,Parchment,#f8e8d5,Benjamin Moore
OC-79,Old Fashioned Peach,#f6e4cd,Benjamin Moore
OC-80,Pirates Cove Beach,#f6e1c9,Benjamin Moore
OC-81,Evening White,#f4e7d4,Benjamin Moore
OC-82,Pompeii,#f6ebd7,Benjamin Moore
OC-83,Antique White,#f3e6d4,Benjamin Moore
OC-84,Crème Caramel,#f1e1ca,Benjamin Moore
OC-85,Mayonnaise,#faf6e6,Benjamin Moore
OC-86,White Blush,#f7f1e2,Benjamin Moore
OC-87,Capri Coast,#f4e9d5,Benjamin Moore
OC-88,Indian White,#eee5d1,Benjamin Moore
OC-89,Butter Pecan,#f9f2e2,Benjamin Moore
OC-90,Vanilla Ice Cream,#fbf4e1,Benjamin Moore
OC-91,Ivory Tusk,#f9f2de,Benjamin Moore
OC-92,Mannequin Cream,#f8edd3,Benjamin Moore
OC-93,Sugar Cookie,#faf3e1,Benjamin Moore
OC-94,Windswept,#f8f0dd,Benjamin Moore
OC-95,Navajo White,#efe8d6,Benjamin Moore
OC-96,Gentle Cream,#eadec6,Benjamin Moore
OC-97,Cream Froth,#fbf4e4,Benjamin Moore
OC-98,Bare,#f8efdc,Benjamin Moore
OC-99,Deserted Island,#f0e6d1,Benjamin Moore
OC-100,Palace White,#ebe1c9,Benjamin Moore
OC-101,Desolate,#f7ebd3,Benjamin Moore
OC-102,Devon Cream,#faecd3,Benjamin Moore
OC-103,Antique Yellow,#f8edd4,Benjamin Moore
OC-104,Antique Lace,#f7e9ca,Benjamin Moore
OC-105,Calming Cream,#f6efd9,Benjamin Moore
OC-106,Man on the Moon,#f6eece,Benjamin Moore
OC-107,Antiquity,#f9efcd,Benjamin Moore
OC-108,Pale Moon,#f4e8bf,Benjamin Moore
OC-109,Lemon Chiffon,#f7f4de,Benjamin Moore
OC-110,Milkyway,#fcf7de,Benjamin Moore
OC-111,Corinthian White,#f7ebcb,Benjamin Moore
OC-112,Goldtone,#f7eac5,Benjamin Moore
OC-113,Powder Sand,#f6f3e2,Benjamin Moore
OC-114,Lemon Ice,#fbf9e1,Benjamin Moore
OC-115,Cream Silk,#f3f2d8,Benjamin Moore
OC-116,Pale Celery,#f3ecce,Benjamin Moore
OC-117,Simply White,#f7f7ee,Benjamin Moore
OC-118,Snowfall White,#f7f8ef,Benjamin Moore
OC-119,Cloud Nine,#eff0e6,Benjamin Moore
OC-120,Seashell,#edead9,Benjamin Moore
OC-121,Mountain Peak White,#f8f6ec,Benjamin Moore
OC-122,Cotton Balls,#f6f7ec,Benjamin Moore
OC-123,Bavarian Cream,#f8f8e8,Benjamin Moore
OC-124,Alpine White,#f5f5e4,Benjamin Moore
OC-125,Moonlight White,#f0efe4,Benjamin Moore
OC-126,Easter Lily,#f8f5e3,Benjamin Moore
OC-127,White Chocolate,#f6f4e4,Benjamin Moore
OC-128,Minced Onion,#f1f1e0,Benjamin Moore
OC-129,Alabaster,#f3f0e9,Benjamin Moore
OC-130,Cloud White,#f3f2e7,Benjamin Moore
OC-131,White Down,#ece7d8,Benjamin Moore
OC-132,Grand Teton White,#eae6d1,Benjamin Moore
OC-133,Ancient Ivory,#efeddc,Benjamin Moore
OC-134,Meadow Mist,#ebebd9,Benjamin Moore
OC-135,Cream Cloak,#e6e6d3,Benjamin Moore
OC-136,Celery Salt,#e7e5d0,Benjamin Moore
OC-137,Sebring White,#e8e8de,Benjamin Moore
OC-138,White Drifts,#e4e3d6,Benjamin Moore
OC-139,Sea Wind,#e2e0d0,Benjamin Moore
OC-140,Morning Dew,#deddce,Benjamin Moore
OC-141,China White,#e8e5da,Benjamin Moore
OC-142,Sail Cloth,#e5dfcf,Benjamin Moore
OC-143,Bone White,#e8dfcb,Benjamin Moore
OC-144,Lancaster White,#e7e2cd,Benjamin Moore
OC-145,Atrium White,#f3f0e9,Benjamin Moore
OC-146,Linen White,#f3ecdb,Benjamin Moore
OC-147,Cameo White,#f3e8d0,Benjamin Moore
OC-148,Montgomery White,#f5e3c1,Benjamin Moore
OC-149,Decorator's White,#eceeeb,Benjamin Moore
OC-150,Brilliant White,#ecefea,Benjamin Moore
OC-151,White,#eeefec,Benjamin Moore
OC-152,Super White,#f2f3ef,Benjamin Moore
