colorCode,colorName,hexColor
SW0001,Mulberry Silk,#94766C
SW0002,Chelsea Mauve,#BEAC9F
SW0003,Cabbage Rose,#C59F91
SW0004,Rose Brocade,#996C6E
SW0005,Deepest Mauve,#6D595A
SW0006,Toile Red,#8B534E
SW0007,Decorous Amber,#AC7559
SW0008,Cajun Red,#8D422F
SW0009,Eastlake Gold,#C28E61
SW0010,Wickerwork,#C19E80
SW0011,Crewel Tan,#CBB99B
SW0012,Empire Gold,#C19F6E
SW0013,Majolica Green,#AEB08F
SW0014,Sheraton Sage,#8F8666
SW0015,Gallery Green,#708672
SW0016,Billiard Green,#45584D
SW0017,Calico,#8CA49C
SW0018,Teal Stencil,#627F7B
SW0019,Festoon Aqua,#A0BBB8
SW0020,Peacock Plume,#739694
SW0021,Queen Anne Lilac,#C0B6B4
SW0022,Patchwork Plum,#7E696A
SW0023,Pewter Tankard,#A39B90
SW0024,Curio Gray,#988977
SW0025,Rosedust,#CC8D84
SW0026,Rachel Pink,#E8B9AE
SW0027,Aristocrat Peach,#ECCEB9
SW0028,Caen Stone,#ECD0B1
SW0029,Acanthus,#CDCDB4
SW0030,Colonial Yellow,#EFC488
SW0031,Dutch Tile Blue,#9AABAB
SW0032,Needlepoint Navy,#546670
SW0033,Rembrandt Ruby,#974F49
SW0034,Roycroft Rose,#C08F80
SW0035,Indian White,#EEDAC3
SW0036,Buckram Binding,#D9C3A6
SW0037,Morris Room Grey,#ADA193
SW0038,Library Pewter,#7F7263
SW0039,Portrait Tone,#C4957A
SW0040,Roycroft Adobe,#A76251
SW0041,Dard Hunter Green,#3A4A3F
SW0042,Ruskin Room Green,#ACA17D
SW0043,Peristyle Brass,#AE905E
SW0044,Hubbard Squash,#E9BF8C
SW0045,Antiquarian Brown,#946644
SW0046,White Hyacinth,#F3E5D1
SW0047,Studio Blue Green,#6D817B
SW0048,Bunglehouse Blue,#47626F
SW0049,Silver Gray,#B8B2A2
SW0050,Classic Light Buff,#F0EADC
SW0051,Classic Ivory,#F2E0C3
SW0052,Pearl Gray,#CBCEC5
SW0053,Porcelain,#E9E0D5
SW0054,Twilight Gray,#C8BFB5
SW0055,Light French Gray,#C2C0BB
SW0056,Classic Sand,#D6BCAA
SW0057,Chinese Red,#9E3E33
SW0058,Jazz Age Coral,#F1BFB1
SW0059,Frostwork,#CBD0C2
SW0060,Alexandrite,#598C74
SW0061,Salon Rose,#AB7878
SW0062,Studio Mauve,#C6B9B8
SW0063,Blue Sky,#ABD1C9
SW0064,Blue Peacock,#014E4C
SW0065,Vogue Green,#4B5645
SW0066,Cascade Green,#ACB19F
SW0067,Belvedere Cream,#F0CDA0
SW0068,Copen Blue,#C2CCC4
SW0069,Rose Tan,#CD9C85
SW0070,Pink Shadow,#DEC3B9
SW0071,Orchid,#BC9C9E
SW0072,Deep Maroon,#623F45
SW0073,Chartreuse,#E1D286
SW0074,Radiant Lilac,#A489A0
SW0075,Holiday Turquoise,#8AC6BD
SW0076,Appleblossom,#DAB5B4
SW0077,Classic French Gray,#888782
SW0078,Sunbeam Yellow,#F0D39D
SW0079,Pinky Beige,#C9AA98
SW0080,Pink Flamingo,#CD717B
SW1015,Skyline Steel,#C6BFB3
SW1666,Venetian Yellow,#F6E3A1
SW1667,Icy Lemonade,#F4E8B2
SW1668,Pineapple Cream,#F2EAC3
SW2704,Merlot,#51323B
SW2735,Rockweed,#443735
SW2739,Charcoal Blue,#3D4450
SW2740,Mineral Gray,#515763
SW2801,Rookwood Dark Red,#4B2929
SW2802,Rookwood Red,#622F2D
SW2803,Rookwood Terra Cotta,#975840
SW2804,Renwick Rose Beige,#AF8871
SW2805,Renwick Beige,#C3B09D
SW2806,Rookwood Brown,#7F614A
SW2807,Rookwood Medium Brown,#6E5241
SW2808,Rookwood Dark Brown,#5F4D43
SW2809,Rookwood Shutter Green,#303B39
SW2810,Rookwood Sash Green,#506A67
SW2811,Rookwood Blue Green,#738478
SW2812,Rookwood Jade,#979F7F
SW2813,Downing Straw,#CAAB7D
SW2814,Rookwood Antique Gold,#A58258
SW2815,Renwick Olive,#97896A
SW2816,Rookwood Dark Green,#565C4A
SW2817,Rookwood Amber,#C08650
SW2818,Renwick Heather,#8B7D7B
SW2819,Downing Slate,#777F86
SW2820,Downing Earth,#887B67
SW2821,Downing Stone,#A6A397
SW2822,Downing Sand,#CBBCA5
SW2823,Rookwood Clay,#9A7E64
SW2824,Renwick Golden Oak,#96724C
SW2826,Colonial Revival Green Stone,#A39B7E
SW2827,Colonial Revival Stone,#A7947C
SW2828,Colonial Revival Tan,#D3B699
SW2829,Classical White,#ECE1CB
SW2831,Classical Gold,#EBB875
SW2832,Colonial Revival Gray,#B4B9B9
SW2833,Roycroft Vellum,#E8D9BD
SW2834,Birdseye Maple,#E4C495
SW2835,Craftsman Brown,#AE9278
SW2836,Quartersawn Oak,#85695B
SW2837,Aurora Brown,#6A4238
SW2838,Polished Mahogany,#432722
SW2839,Roycroft Copper Red,#7B3728
SW2840,Hammered Silver,#978A7F
SW2841,Weathered Shingle,#937F68
SW2842,Roycroft Suede,#A79473
SW2843,Roycroft Brass,#7A6A51
SW2844,Roycroft Mist Gray,#C2BDB1
SW2845,Bunglehouse Gray,#988F7B
SW2846,Roycroft Bronze Green,#575449
SW2847,Roycroft Bottle Green,#324038
SW2848,Roycroft Pewter,#616564
SW2849,Westchester Gray,#797978
SW2850,Chelsea Gray,#B6B7B0
SW2851,Sage Green Light,#73705E
SW2853,New Colonial Yellow,#D9AD7F
SW2854,Caribbean Coral,#BE795E
SW2855,Sycamore Tan,#9C8A79
SW2856,Fairfax Brown,#61463A
SW2857,Peace Yellow,#EECF9E
SW2858,Harvest Gold,#D9A06A
SW2859,Beige,#DFC8B5
SW2860,Sage,#B3AE95
SW2861,Avocado,#857C5D
SW2863,Powder Blue,#89A4AD
SW2865,Classical Yellow,#F8D492
SW6000,Snowfall,#E0DEDA
SW6001,Grayish,#CFCAC7
SW6002,Essential Gray,#BCB8B6
SW6003,Proper Gray,#ADA8A5
SW6004,Mink,#847B77
SW6005,Folkstone,#6D6562
SW6006,Black Bean,#403330
SW6007,Smart White,#E4DBD8
SW6008,Individual White,#D4CDCA
SW6009,Imagine,#C2B6B6
SW6010,Flexible Gray,#B1A3A1
SW6011,Chinchilla,#867875
SW6012,Browse Brown,#6E615F
SW6013,Bitter Chocolate,#4D3C3C
SW6015,Vaguely Mauve,#D1C5C4
SW6016,Chaise Mauve,#C1B2B3
SW6017,Intuitive,#B3A3A5
SW6018,Enigma,#8B7C7E
SW6019,Poetry Plum,#6F5C5F
SW6020,Marooned,#4E3132
SW6021,Dreamy White,#E3D9D5
SW6022,Breathless,#D6C2BE
SW6023,Insightful Rose,#C9B0AB
SW6024,Dressy Rose,#B89D9A
SW6025,Socialite,#907676
SW6026,River Rouge,#76595D
SW6027,Cordovan,#5F3D3F
SW6028,Cultured Pearl,#E5DCD6
SW6029,White Truffle,#D7C8C2
SW6030,Artistic Taupe,#C3B1AC
SW6031,Glamour,#B6A09A
SW6032,Dutch Cocoa,#8C706A
SW6033,Bateau Brown,#7A5F5A
SW6034,Arresting Auburn,#5A3532
SW6035,Gauzy White,#E3DBD4
SW6036,Angora,#D1C5BE
SW6037,Temperate Taupe,#BFB1AA
SW6038,Truly Taupe,#AC9E97
SW6039,Poised Taupe,#8C7E78
SW6040,Less Brown,#756761
SW6041,Otter,#56433B
SW6042,Hush White,#E5DAD4
SW6043,Unfussy Beige,#D6C8C0
SW6044,Doeskin,#C6B3A9
SW6045,Emerging Taupe,#B8A196
SW6046,Swing Brown,#947569
SW6047,Hot Cocoa,#806257
SW6048,Terra Brun,#5A382D
SW6049,Gorgeous White,#E7DBD3
SW6050,Abalone Shell,#DBC7BD
SW6051,Sashay Sand,#CFB4A8
SW6052,Sandbank,#C3A497
SW6053,Reddened Earth,#9C6E63
SW6054,Canyon Clay,#85594F
SW6055,Fiery Brown,#5D3831
SW6056,Polite White,#E9DDD4
SW6057,Malted Milk,#DECABD
SW6058,Likeable Sand,#D1B7A8
SW6059,Interface Tan,#C1A392
SW6060,Moroccan Brown,#9D7868
SW6061,Tanbark,#896656
SW6062,Rugged Brown,#694336
SW6063,Nice White,#E6DDD5
SW6064,Reticence,#D9CDC3
SW6065,Bona Fide Beige,#CBB9AB
SW6066,Sand Trap,#BBA595
SW6067,Mocha,#967A6A
SW6068,Brevity Brown,#715243
SW6069,French Roast,#4F3426
SW6070,Heron Plume,#E5E1D8
SW6071,Popular Gray,#D4CCC3
SW6072,Versatile Gray,#C1B6AB
SW6073,Perfect Greige,#B7AB9F
SW6074,Spalding Gray,#8D7F75
SW6075,Garret Gray,#756861
SW6076,Turkish Coffee,#4D3930
SW6077,Everyday White,#E4DCD4
SW6078,Realist Beige,#D3C8BD
SW6079,Diverse Beige,#C2B4A7
SW6080,Utterly Beige,#B5A597
SW6081,Down Home,#907865
SW6082,Cobble Brown,#7A6455
SW6083,Sable,#5F4B3F
SW6084,Modest White,#E6DDD4
SW6085,Simplify Beige,#D6C7B9
SW6086,Sand Dune,#C5B1A2
SW6087,Trusty Tan,#B59F8F
SW6088,Nuthatch,#8E725F
SW6089,Grounded,#785B47
SW6090,Java,#634533
SW6091,Reliable White,#E8DED3
SW6092,Lightweight Beige,#DAC8B8
SW6093,Familiar Beige,#CAB3A0
SW6094,Sensational Sand,#BFA38D
SW6095,Toasty,#957258
SW6096,Jute Brown,#815D40
SW6097,Sturdy Brown,#69482C
SW6098,Pacer White,#E5DDD0
SW6099,Sand Dollar,#D7C5B3
SW6100,Practical Beige,#C9B29C
SW6101,Sands of Time,#BCA38B
SW6102,Portabello,#947A62
SW6103,Tea Chest,#7D644D
SW6104,Kaffee,#65503D
SW6105,Divine White,#E6DCCD
SW6106,Kilim Beige,#D7C5AE
SW6107,Nomadic Desert,#C7B198
SW6108,Latte,#BAA185
SW6109,Hopsack,#9E8163
SW6110,Steady Brown,#8A6B4D
SW6111,Coconut Husk,#70573F
SW6112,Biscuit,#EBDDCB
SW6113,Interactive Cream,#E4CAAD
SW6114,Bagel,#D7B593
SW6115,Totally Tan,#CCA683
SW6116,Tatami Tan,#BA8C64
SW6117,Smokey Topaz,#A57955
SW6118,Leather Bound,#8D623D
SW6119,Antique White,#E8DCC6
SW6120,Believable Buff,#DBC7A8
SW6121,Whole Wheat,#CDB592
SW6122,Camelback,#C5AA85
SW6123,Baguette,#B39167
SW6124,Cardboard,#9C7A56
SW6125,Craft Paper,#8A6645
SW6126,Navajo White,#E9DCC6
SW6127,Ivoire,#E4CEAC
SW6128,Blonde,#DCBD92
SW6129,Restrained Gold,#D2B084
SW6130,Mannered Gold,#C19763
SW6131,Chamois,#AD8451
SW6132,Relic Bronze,#906A3A
SW6133,Muslin,#EADFC9
SW6134,Netsuke,#E0CFB0
SW6135,Ecru,#D0BA94
SW6136,Harmonic Tan,#C6B08A
SW6137,Burlap,#AC9571
SW6138,Artifact,#9A815E
SW6139,Mossy Gold,#7F6743
SW6140,Moderate White,#E9DECF
SW6141,Softer Tan,#DACAB2
SW6142,Macadamia,#CCB79B
SW6143,Basket Beige,#C0A98B
SW6144,Dapper Tan,#947F65
SW6145,Thatch Brown,#867057
SW6146,Umber,#6E543C
SW6147,Panda White,#EAE2D4
SW6148,Wool Skein,#D9CFBA
SW6149,Relaxed Khaki,#C8BBA3
SW6150,Universal Khaki,#B8A992
SW6151,Quiver Tan,#8E7F6A
SW6152,Superior Bronze,#786957
SW6153,Protégé Bronze,#66543E
SW6154,Nacre,#E8E2D4
SW6155,Rice Grain,#DBD0B9
SW6156,Ramie,#CDBDA2
SW6157,Favorite Tan,#C1AE91
SW6158,Sawdust,#998970
SW6159,High Tea,#7E6F59
SW6160,Best Bronze,#5D513E
SW6161,Nonchalant White,#DEDDD1
SW6162,Ancient Marble,#D1CCB9
SW6163,Grassland,#C1BCA7
SW6164,Svelte Sage,#B2AC96
SW6165,Connected Gray,#898473
SW6166,Eclipse,#6B6757
SW6167,Garden Gate,#5E5949
SW6168,Moderne White,#E2E0D7
SW6169,Sedate Gray,#D1CDBF
SW6170,Techno Gray,#BFB9AA
SW6171,Chatroom,#B0AB9C
SW6172,Hardware,#8B8372
SW6173,Cocoon,#726B5B
SW6174,Andiron,#424036
SW6175,Sagey,#E2E2D1
SW6176,Liveable Green,#CECEBD
SW6177,Softened Green,#BBBCA7
SW6178,Clary Sage,#ACAD97
SW6179,Artichoke,#7F8266
SW6180,Oakmoss,#65684C
SW6181,Secret Garden,#4F523A
SW6182,Ethereal White,#E3E2D9
SW6183,Conservative Gray,#D1D0C6
SW6184,Austere Gray,#BEBFB2
SW6185,Escape Gray,#ABAC9F
SW6186,Dried Thyme,#7B8070
SW6187,Rosemary,#64695C
SW6188,Shade‐Grown,#4E5147
SW6189,Opaline,#DCDFD7
SW6190,Filmy Green,#D1D3C7
SW6191,Contented,#BDC0B3
SW6192,Coastal Plain,#9FA694
SW6193,Privilege Green,#7A8775
SW6194,Basil,#626E60
SW6195,Rock Garden,#465448
SW6196,Frosty White,#DDDDD6
SW6197,Aloof Gray,#C9C9C0
SW6198,Sensible Hue,#B6B5AB
SW6199,Rare Gray,#A6A69B
SW6200,Link Gray,#7F7E72
SW6201,Thunderous,#6D6C62
SW6202,Cast Iron,#64645A
SW6203,Spare White,#E4E4DD
SW6204,Sea Salt,#CDD2CA
SW6205,Comfort Gray,#BEC3BB
SW6206,Oyster Bay,#AEB3A9
SW6207,Retreat,#7A8076
SW6208,Pewter Green,#5E6259
SW6209,Ripe Olive,#44483D
SW6210,Window Pane,#D7DFD8
SW6211,Rainwashed,#C2CDC5
SW6212,Quietude,#ADBBB2
SW6213,Halcyon Green,#9BAAA2
SW6214,Underseas,#7C8E87
SW6215,Rocky River,#5E706A
SW6216,Jasper,#343B36
SW6217,Topsail,#DAE2E0
SW6218,Tradewind,#C2CFCF
SW6219,Rain,#ABBEBF
SW6220,Interesting Aqua,#9BAFB2
SW6221,Moody Blue,#7A9192
SW6222,Riverway,#5D7274
SW6223,Still Water,#4A5D5F
SW6224,Mountain Air,#D8E0DF
SW6225,Sleepy Blue,#BCCBCE
SW6226,Languid Blue,#A4B7BD
SW6227,Meditative,#96AAB0
SW6228,Refuge,#607D84
SW6229,Tempe Star,#47626A
SW6230,Rainstorm,#244653
SW6231,Rock Candy,#DEE1DF
SW6232,Misty,#CDD2D2
SW6233,Samovar Silver,#B8BEBE
SW6234,Uncertain Gray,#A9B0B1
SW6235,Foggy Day,#727C7F
SW6236,Grays Harbor,#596368
SW6237,Dark Night,#23383F
SW6238,Icicle,#DBDFE0
SW6239,Upward,#BFC9D0
SW6240,Windy Blue,#AABAC6
SW6241,Aleutian,#98A9B7
SW6242,Bracing Blue,#768B9A
SW6243,Distance,#5D6F7F
SW6244,Naval,#2F3D4C
SW6245,Quicksilver,#DDE2E0
SW6246,North Star,#CAD0D2
SW6247,Krypton,#B8C0C3
SW6248,Jubilee,#ADB5B9
SW6249,Storm Cloud,#7A848D
SW6250,Granite Peak,#606B75
SW6251,Outerspace,#586168
SW6252,Ice Cube,#E3E4E1
SW6253,Olympus White,#D4D8D7
SW6254,Lazy Gray,#BEC1C3
SW6255,Morning Fog,#A8AEB1
SW6256,Serious Gray,#7D848B
SW6257,Gibraltar,#626970
SW6258,Tricorn Black,#2F2F30
SW6259,Spatial White,#DDDCDB
SW6260,Unique Gray,#CBC9C9
SW6261,Swanky Gray,#B5B1B5
SW6262,Mysterious Mauve,#A6A3A9
SW6263,Exclusive Plum,#736F78
SW6264,Midnight,#5D5962
SW6265,Quixotic Plum,#4A4653
SW6267,Sensitive Tint,#CEC9CC
SW6268,Veiled Violet,#BDB5B9
SW6269,Beguiling Mauve,#AFA7AC
SW6270,Soulmate,#85777B
SW6271,Expressive Plum,#695C62
SW6272,Plum Brown,#4E4247
SW6274,Destiny,#CFC9C8
SW6275,Fashionable Gray,#BDB8B8
SW6276,Mystical Shade,#AEA9AA
SW6277,Special Gray,#7B787D
SW6278,Cloak Gray,#605E63
SW6279,Black Swan,#3A373E
SW6281,Wallflower,#DBCFD4
SW6282,Mauve Finery,#CBB8C0
SW6283,Thistle,#AA8E9A
SW6284,Plum Dandy,#8B6878
SW6285,Grape Harvest,#7E5A6D
SW6286,Mature Grape,#5F3F54
SW6288,Rosebud,#E0CDD1
SW6289,Delightful,#D2B6BE
SW6290,Rosé,#B995A1
SW6291,Moss Rose,#9E6D79
SW6292,Berry Bush,#8D5869
SW6293,Fabulous Grape,#6D344F
SW6295,Demure,#E8D4D5
SW6296,Fading Rose,#DABDC1
SW6297,Rose Embroidery,#C79EA2
SW6298,Concerto,#9E6B75
SW6299,Aged Wine,#895460
SW6300,Burgundy,#63333E
SW6302,Innocence,#EBD1CF
SW6303,Rose Colored,#DCB6B5
SW6304,Pressed Flower,#C39393
SW6305,Rambling Rose,#995D62
SW6306,Cordial,#864C52
SW6307,Fine Wine,#723941
SW6309,Charming Pink,#EDD3D2
SW6310,Lotus Flower,#E6BDBD
SW6311,Memorable Rose,#CF8A8D
SW6312,Redbud,#AD5E65
SW6313,Kirsch Red,#974953
SW6314,Luxurious Red,#863A42
SW6316,Rosy Outlook,#EBCECB
SW6317,Gracious Rose,#E3B7B1
SW6318,Resounding Rose,#CD8E89
SW6319,Reddish,#B56966
SW6320,Bravado Red,#A0524E
SW6321,Red Bay,#8E3738
SW6322,Intimate White,#F0E1D8
SW6323,Romance,#EBCFC3
SW6324,Mellow Coral,#E3B5A8
SW6325,Constant Coral,#CD8E7F
SW6326,Henna Shade,#B3675D
SW6327,Bold Brick,#A0584F
SW6328,Fireweed,#7B3730
SW6329,Faint Coral,#EEDED5
SW6330,Quaint Peche,#EACDC1
SW6331,Smoky Salmon,#E2B6A7
SW6332,Coral Island,#CE9382
SW6333,Foxy,#A85E53
SW6334,Flower Pot,#8F4438
SW6335,Fired Brick,#83382A
SW6336,Nearly Peach,#EFDED1
SW6337,Spun Sugar,#EDD2C0
SW6338,Warming Peach,#E4B9A2
SW6339,Persimmon,#D9987C
SW6340,Baked Clay,#C1785C
SW6341,Red Cent,#AD654C
SW6342,Spicy Hue,#994B35
SW6343,Alluring White,#EFE1D2
SW6344,Peach Fuzz,#ECCFBB
SW6345,Sumptuous Peach,#E5B99B
SW6346,Fame Orange,#DB9C7B
SW6347,Chrysanthemum,#C47B5B
SW6348,Reynard,#B46848
SW6349,Pennywise,#A2583A
SW6350,Intricate Ivory,#EDDDCA
SW6351,Sweet Orange,#EBCCB3
SW6352,Soft Apricot,#E0B392
SW6353,Chivalry Copper,#D4966E
SW6354,Armagnac,#C38058
SW6355,Truepenny,#B46C42
SW6356,Copper Mountain,#A6613C
SW6357,Choice Cream,#F0E1D0
SW6358,Creamery,#EDD0B6
SW6359,Sociable,#E8BE9B
SW6360,Folksy Gold,#D69969
SW6361,Autumnal,#CD8C5D
SW6362,Tigereye,#BB7748
SW6363,Gingery,#B06C3E
SW6364,Eggwhite,#F3E5D2
SW6365,Cachet Cream,#F3D9BA
SW6366,Ambitious Amber,#F0CB97
SW6367,Viva Gold,#E3AC72
SW6368,Bakelite Gold,#D7995D
SW6369,Tassel,#C6884A
SW6370,Saucy Gold,#B6743B
SW6371,Vanillin,#F2E3CA
SW6372,Inviting Ivory,#F2D5B0
SW6373,Harvester,#EDC38E
SW6374,Torchlight,#E5AE6B
SW6375,Honeycomb,#D59858
SW6376,Gold Coast,#C78538
SW6377,Butterscotch,#B67D3C
SW6378,Crisp Linen,#F3E6D4
SW6379,Jersey Cream,#F5DEBB
SW6380,Humble Gold,#EDC796
SW6381,Anjou Pear,#DDAC6D
SW6382,Ceremonial Gold,#D69E59
SW6383,Golden Rule,#CC9249
SW6384,Cut the Mustard,#BA7F38
SW6385,Dover White,#F0EADC
SW6386,Napery,#EFDDC1
SW6387,Compatible Cream,#E8C89E
SW6388,Golden Fleece,#D6AD78
SW6389,Butternut,#CC9B5C
SW6390,Bosc Pear,#C09056
SW6391,Gallant Gold,#A4763C
SW6392,Vital Yellow,#EDE0C5
SW6393,Convivial Yellow,#E9D6B0
SW6394,Sequin,#E1C28D
SW6395,Alchemy,#C99E53
SW6396,Different Gold,#BC934D
SW6397,Nankeen,#AA803A
SW6398,Sconce Gold,#996F32
SW6399,Chamomile,#E9E0C5
SW6400,Lucent Yellow,#E4D0A5
SW6401,Independent Gold,#D2BA83
SW6402,Antiquity,#C2A462
SW6403,Escapade Gold,#B89B59
SW6404,Grandiose,#9C7F41
SW6405,Fervent Brass,#95793D
SW6406,Ionic Ivory,#E7DFC5
SW6407,Ancestral Gold,#DDCDA6
SW6408,Wheat Grass,#CBB584
SW6409,Edgy Gold,#B1975F
SW6410,Brassy,#9D8344
SW6411,Bengal Grass,#8E773F
SW6412,Eminent Bronze,#7A6841
SW6413,Restoration Ivory,#E9E1CA
SW6414,Rice Paddy,#DFD4B0
SW6415,Hearts of Palm,#CFC291
SW6416,Sassy Green,#BBA86A
SW6417,Tupelo Tree,#9C9152
SW6418,Rural Green,#8D844D
SW6419,Saguaro,#655F2D
SW6420,Queen Anne's Lace,#ECEAD5
SW6421,Celery,#E0DDBD
SW6422,Shagreen,#CBC99D
SW6423,Ryegrass,#AEAC7A
SW6424,Tansy Green,#95945C
SW6425,Relentless Olive,#71713E
SW6426,Basque Green,#5F6033
SW6427,Sprout,#E4E4CE
SW6428,Honeydew,#DBDDBD
SW6429,Baize Green,#C7CDA8
SW6430,Great Green,#ABB486
SW6431,Leapfrog,#88915D
SW6432,Garden Spot,#6D7645
SW6433,Inverness,#576238
SW6434,Spinach White,#E4E8DA
SW6435,Gratifying Green,#DAE2CD
SW6436,Bonsai Tint,#C5D1B2
SW6437,Haven,#A3B48C
SW6438,Dill,#788D60
SW6439,Greenfield,#60724F
SW6440,Courtyard,#475842
SW6441,White Mint,#E0E7DA
SW6442,Supreme Green,#CFDDC7
SW6443,Relish,#B3CBAA
SW6444,Lounge Green,#8BA97F
SW6445,Garden Grove,#5E7F57
SW6446,Arugula,#42603C
SW6447,Evergreens,#405840
SW6449,Topiary Tint,#C8D8C4
SW6450,Easy Green,#ACC2A8
SW6451,Nurture Green,#98B092
SW6452,Inland,#6C8867
SW6453,Cilantro,#537150
SW6454,Shamrock,#205134
SW6455,Fleeting Green,#D8E2D8
SW6456,Slow Green,#C6D5C9
SW6457,Kind Green,#AAC2B3
SW6458,Restful,#91AF9D
SW6459,Jadite,#61826C
SW6460,Kale Green,#4F6A56
SW6461,Isle of Pines,#3D5541
SW6462,Green Trance,#D7E4DB
SW6463,Breaktime,#C4D9CE
SW6464,Aloe,#ACCABC
SW6465,Spearmint,#94B5A6
SW6466,Grandview,#6B927F
SW6467,Kendal Green,#547867
SW6468,Hunt Club,#2A4F43
SW6470,Waterscape,#BFD2C9
SW6471,Hazel,#A8C1B7
SW6472,Composed,#7EA298
SW6473,Surf Green,#5F887D
SW6474,Raging Sea,#476F65
SW6475,Country Squire,#124A42
SW6476,Glimmer,#E0E7E2
SW6477,Tidewater,#C3D7D3
SW6478,Watery,#B4CCC9
SW6479,Drizzle,#8CAEAB
SW6480,Lagoon,#518682
SW6481,Green Bay,#2E6864
SW6482,Cape Verde,#01554F
SW6484,Meander Blue,#BEDBD8
SW6485,Raindrop,#9EC6C6
SW6486,Reflecting Pool,#7BB1B2
SW6487,Cloudburst,#5C9598
SW6488,Grand Canal,#3C797D
SW6489,Really Teal,#016367
SW6491,Open Air,#C7DFE0
SW6492,Jetstream,#B0D2D6
SW6493,Ebbtide,#84B4BE
SW6494,Lakeshore,#5B96A2
SW6495,Great Falls,#217786
SW6496,Oceanside,#015A6B
SW6497,Blue Horizon,#D8E7E6
SW6498,Byte Blue,#C5DCE0
SW6499,Stream,#ADCCD3
SW6500,Open Seas,#83AFBC
SW6501,Manitou Blue,#5B92A2
SW6502,Loch Blue,#2F778B
SW6503,Bosporus,#015D75
SW6504,Sky High,#DCE7E8
SW6505,Atmospheric,#C2DAE0
SW6506,Vast Sky,#A9C9D7
SW6507,Resolute Blue,#85B0C4
SW6508,Secure Blue,#5389A1
SW6509,Georgian Bay,#22657F
SW6510,Loyal Blue,#01455E
SW6511,Snowdrop,#E0E8E7
SW6512,Balmy,#C5D8DE
SW6513,Take Five,#B3C9D3
SW6514,Respite,#97B4C3
SW6515,Leisure Blue,#6A8EA1
SW6516,Down Pour,#43718B
SW6517,Regatta,#215772
SW6519,Hinting Blue,#CED9DD
SW6520,Honest Blue,#B2C7D3
SW6521,Notable Hue,#8BA7BB
SW6522,Sporty Blue,#6A8AA4
SW6523,Denim,#506B84
SW6524,Commodore,#25476A
SW6525,Rarified Air,#E1E6E6
SW6526,Icelandic,#CBD8E1
SW6527,Blissful Blue,#B2C8D8
SW6528,Cosmos,#8EA9C2
SW6529,Scanda,#6B8CA9
SW6530,Revel Blue,#4C6B8A
SW6531,Indigo,#284A70
SW6533,Mild Blue,#CBD5DB
SW6534,Icy,#BBC7D2
SW6535,Solitude,#99A7B8
SW6536,Searching Blue,#6C7F9A
SW6537,Luxe Blue,#516582
SW6538,Dignified,#3B496D
SW6540,Starry Night,#D6D9DE
SW6541,Daydream,#BDC3CD
SW6542,Vesper Violet,#99A0B2
SW6543,Soulful Blue,#757C91
SW6544,Mesmerize,#5D657B
SW6545,Majestic Purple,#3B3C5A
SW6547,Silver Peony,#DAD6DB
SW6548,Grape Mist,#C5C0C9
SW6549,Ash Violet,#A29BAA
SW6550,Mythical,#7E778E
SW6551,Purple Passage,#645E77
SW6552,Dewberry,#3E385A
SW6554,Lite Lavender,#E0DADF
SW6555,Enchant,#D1C6D2
SW6556,Obi Lilac,#B0A3B6
SW6557,Wood Violet,#7A6B85
SW6558,Plummy,#675A75
SW6559,Concord Grape,#443757
SW6561,Teaberry,#EBD1DB
SW6562,Irresistible,#E3C0CF
SW6563,Rosebay,#CB9AAD
SW6564,Red Clover,#B87E93
SW6565,Grandeur Plum,#92576F
SW6566,Framboise,#7C3655
SW6568,Lighthearted Pink,#EDD5DD
SW6569,Childlike,#E8C0CF
SW6570,Haute Pink,#D899B1
SW6571,Cyclamen,#C47B95
SW6572,Ruby Shade,#A2566F
SW6573,Juneberry,#854158
SW6575,Priscilla,#F1D3DA
SW6576,Azalea Flower,#EFC0CB
SW6577,Jaipur Pink,#E392A1
SW6578,Tuberose,#D47C8C
SW6579,Gala Pink,#B04B63
SW6580,Cerise,#99324E
SW6582,Impatiens Petal,#F1D2D7
SW6583,In the Pink,#F0BCC9
SW6584,Cheery,#EB92A3
SW6585,Coming up Roses,#DD7788
SW6586,Heartfelt,#BD4C5F
SW6587,Valentine,#A53A4E
SW6589,Alyssum,#F2D5D7
SW6590,Loveable,#F0C1C6
SW6591,Amaryllis,#ED939D
SW6592,Grenadine,#D66972
SW6593,Coral Bells,#BB4B51
SW6594,Poinsettia,#9D373C
SW6596,Bella Pink,#F1C6C4
SW6597,Hopeful,#F0B3B2
SW6598,Dishy Coral,#ED9190
SW6599,Begonia,#D76C6E
SW6600,Enticing Red,#B74E4F
SW6601,Tanager,#A43834
SW6603,Oleander,#F2CCC5
SW6604,Youthful Coral,#F0AFA8
SW6605,Charisma,#EE9489
SW6606,Coral Reef,#D9766C
SW6607,Red Tomato,#B24743
SW6608,Rave Red,#A13B34
SW6610,Koral Kicks,#F2D1C3
SW6611,Jovial,#F2B8A7
SW6612,Ravishing Coral,#E79580
SW6613,Lei Flower,#D87B6A
SW6614,Quite Coral,#C76356
SW6615,Peppery,#B85444
SW6617,Blushing,#F0D1C3
SW6618,Cosmetic Peach,#F3C1AB
SW6619,Sockeye,#E49780
SW6620,Rejuvenate,#DD7861
SW6621,Emotional,#C65F47
SW6622,Hearty Orange,#B44B34
SW6624,Peach Blossom,#F3D0BD
SW6625,Certain Peach,#F2BDA2
SW6626,Sunset,#E2946F
SW6627,Emberglow,#D67C56
SW6628,Robust Orange,#C4633E
SW6629,Jalapeño,#B1533C
SW6631,Naive Peach,#F3D3BF
SW6632,Neighborly Peach,#F3C1A3
SW6633,Inventive Orange,#E89D6F
SW6634,Copper Harbor,#D57E52
SW6635,Determined Orange,#C56639
SW6636,Husky Orange,#BB613E
SW6638,Flattering Peach,#F4D3B3
SW6639,Avid Apricot,#F4C69F
SW6640,Tangerine,#F2AC78
SW6641,Outgoing Orange,#E6955F
SW6642,Rhumba Orange,#CB7841
SW6643,Yam,#C36F3E
SW6644,Champagne,#F2E3CE
SW6652,Flan,#F4D4AF
SW6653,Delicious Melon,#F5C894
SW6654,Surprise Amber,#EFB57A
SW6655,Adventure Orange,#E69F5F
SW6656,Serape,#D88B4D
SW6657,Amber Wave,#D28240
SW6658,Welcome White,#F3E3CA
SW6659,Captivating Cream,#F4D9B1
SW6660,Honey Blush,#F5CF9B
SW6661,Papaya,#EFB97B
SW6662,Summer Day,#EAAA62
SW6663,Saffron Thread,#DF984E
SW6664,Marigold,#D28233
SW6665,Gardenia,#F3E2C9
SW6666,Enjoyable Yellow,#F5D6A9
SW6667,Afterglow,#F6CD8E
SW6668,Sunrise,#F4BF77
SW6669,Yarrow,#EBAD5E
SW6670,Gold Crest,#DF9938
SW6671,Curry,#D88F32
SW6672,Morning Sun,#F3E6CE
SW6673,Banana Cream,#F5DEAF
SW6674,Jonquil,#F7D391
SW6675,Afternoon,#FBCB78
SW6676,Butterfield,#F7BE5B
SW6677,Goldenrod,#F2AF46
SW6678,Sunflower,#E39A33
SW6679,Full Moon,#F4E3BC
SW6680,Friendly Yellow,#F5E0B1
SW6681,Butter Up,#F6DDA3
SW6682,June Day,#F6C973
SW6683,Bee,#F1BA55
SW6684,Brittlebush,#EAAE47
SW6685,Trinket,#D69835
SW6686,Lemon Chiffon,#F5E5BC
SW6687,Lantern Light,#F4E1AE
SW6688,Solaria,#F5D68F
SW6689,Overjoy,#EEC25F
SW6690,Gambol Gold,#E1B047
SW6691,Glitzy Gold,#D6A02B
SW6692,Auric,#C48919
SW6693,Lily,#F3E8C2
SW6694,Glad Yellow,#F5E1AC
SW6695,Midday,#F7D78A
SW6696,Quilt Gold,#EAC365
SW6697,Nugget,#DBB04A
SW6698,Kingdom Gold,#D1A436
SW6699,Crispy Gold,#C49832
SW6700,Daybreak,#F3EAC6
SW6701,Moonraker,#EEE3B2
SW6702,Lively Yellow,#E6D88E
SW6703,Frolic,#D9C661
SW6704,Hep Green,#C4B146
SW6705,High Strung,#AC9825
SW6706,Offbeat Green,#9C8B1F
SW6708,Springtime,#E9E5B3
SW6709,Gleeful,#DAD790
SW6710,Mélange Green,#C4C476
SW6711,Parakeet,#B4B05A
SW6712,Luau Green,#989746
SW6713,Verdant,#847E35
SW6715,Lime Granita,#DCE1B8
SW6716,Dancing Green,#C5CD8F
SW6717,Lime Rickey,#AFB96A
SW6718,Overt Green,#97A554
SW6719,Gecko,#7A8833
SW6720,Paradise,#6C7B30
SW6722,Cucumber,#D3DFC3
SW6723,Jardin,#BDD0AB
SW6724,Mesclun Green,#9DB682
SW6725,Pickle,#85A16A
SW6726,Talipot Palm,#648149
SW6727,Houseplant,#58713F
SW6729,Lacewing,#D7E3CA
SW6730,Romaine,#C0D2AD
SW6731,Picnic,#99C285
SW6732,Organic Green,#7FAC6E
SW6733,Grasshopper,#4F854A
SW6734,Espalier,#2F5F3A
SW6736,Jocular Green,#CCE2CA
SW6737,Kiwi,#AED2B0
SW6738,Vegan,#8EC298
SW6739,Eco Green,#68A678
SW6740,Kilkenny,#498555
SW6741,Derbyshire,#245E36
SW6743,Mint Condition,#D1E3D2
SW6744,Reclining Green,#B7D7BF
SW6745,Lark Green,#8AC1A1
SW6746,Julep,#57AA80
SW6747,Argyle,#348A5D
SW6748,Greens,#016844
SW6749,Embellished Blue,#D7EBE2
SW6750,Waterfall,#C0E3DA
SW6751,Refresh,#A1D4C8
SW6752,Larchmere,#70BAA7
SW6753,Jargon Jade,#53A38F
SW6754,Ionian,#368976
SW6755,Starboard,#016C4F
SW6757,Tame Teal,#C1E6DF
SW6758,Aqueduct,#A1D5CB
SW6759,Cooled Blue,#75B9AE
SW6760,Rivulet,#61A89D
SW6761,Thermal Spring,#3B8C80
SW6762,Poseidon,#016D60
SW6764,Swimming,#C2E5E5
SW6765,Spa,#A7DCDC
SW6766,Mariner,#6EC2C4
SW6767,Aquarium,#3AA9AE
SW6768,Gulfstream,#01858B
SW6769,Maxi Teal,#017478
SW6771,Bathe Blue,#C2E0E3
SW6772,Cay,#A6D0D6
SW6773,Rapture Blue,#7DC1CB
SW6774,Freshwater,#4DA6B2
SW6775,Briny,#08808E
SW6776,Blue Nile,#01717E
SW6778,Aviary Blue,#C6E3E8
SW6779,Liquid Blue,#A6D4DE
SW6780,Nautilus,#71B8C7
SW6781,Jamaica Bay,#34A3B6
SW6782,Cruising,#018498
SW6783,Amalfi,#016E85
SW6784,Bravo Blue,#D3E7E9
SW6785,Quench Blue,#B4E0E7
SW6786,Cloudless,#8FD0DD
SW6787,Fountain,#56B5CA
SW6788,Capri,#01A0B8
SW6789,Blue Mosque,#01819E
SW6790,Adriatic Sea,#016081
SW6792,Minor Blue,#B7DFE8
SW6793,Bluebell,#A2D5E7
SW6794,Flyway,#5DB3D4
SW6795,Major Blue,#289EC4
SW6796,Blue Plate,#017CA7
SW6797,Jay Blue,#015D87
SW6798,Iceberg,#D6E4E7
SW6799,Soar,#C3DFE8
SW6800,Something Blue,#B0D6E6
SW6801,Regale Blue,#7DB5D3
SW6802,Jacaranda,#5A9EC0
SW6803,Danube,#2377A2
SW6804,Dignity Blue,#094C73
SW6806,Rhythmic Blue,#CCDBE5
SW6807,Wondrous Blue,#B8CDDD
SW6808,Celestial,#97B3D0
SW6809,Lobelia,#7498BE
SW6810,Lupine,#4E739F
SW6811,Honorable Blue,#164576
SW6813,Wishful Blue,#D8DDE6
SW6814,Breathtaking,#C7D1E2
SW6815,Awesome Violet,#A7B2D4
SW6816,Dahlia,#8B98C4
SW6817,Gentian,#6572A5
SW6818,Valiant Violet,#3E4371
SW6820,Inspired Lilac,#DFD9E4
SW6821,Potentially Purple,#D1CBDF
SW6822,Wisteria,#BDB4D4
SW6823,Brave Purple,#968DB8
SW6824,Forget‐Me‐Not,#716998
SW6825,Izmir Purple,#4D426E
SW6827,Elation,#DFDCE5
SW6828,Rhapsody Lilac,#D2C8DD
SW6829,Magical,#C0AFD0
SW6830,Kismet,#A18AB7
SW6831,Clematis,#7E6596
SW6832,Impulsive Purple,#624977
SW6834,Spangle,#E5DBE5
SW6835,Euphoric Lilac,#DAC7DA
SW6836,Novel Lilac,#C2A4C2
SW6837,Baroness,#A785A7
SW6838,Vigorous Violet,#7C5A7E
SW6839,Kimono Violet,#5D395F
SW6840,Exuberant Pink,#B54D7F
SW6841,Dynamo,#953D68
SW6842,Forward Fuchsia,#92345B
SW6843,Hot,#AC4362
SW6855,Dragon Fruit,#CC617F
SW6860,Eros Pink,#C84F68
SW6861,Radish,#A42E41
SW6862,Cherries Jubilee,#AB3C51
SW6866,Heartthrob,#A82E33
SW6868,Real Red,#BF2D32
SW6869,Stop,#C33A36
SW6871,Positive Red,#AD2C34
SW6876,Comical Coral,#F3D1C8
SW6881,Cayenne,#C04D35
SW6883,Raucous Orange,#C35530
SW6884,Obstinate Orange,#D7552A
SW6885,Knockout Orange,#E16F3E
SW6886,Invigorate,#E47237
SW6887,Navel,#EC8430
SW6890,Osage Orange,#F4A045
SW6892,Carnival,#EB882C
SW6896,Solé,#F7DDA1
SW6900,Optimistic Yellow,#F5E1A6
SW6901,Daffodil,#FAD97A
SW6902,Decisive Yellow,#FDCC4E
SW6903,Cheerful,#FFC723
SW6904,Gusto Gold,#F8AC1D
SW6905,Goldfinch,#FDB702
SW6907,Forsythia,#FFC801
SW6908,Fun Yellow,#F7E594
SW6909,Lemon Twist,#FED95D
SW6910,Daisy,#FED340
SW6911,Confident Yellow,#FECB01
SW6913,Funky Yellow,#EDD26F
SW6914,Eye Catching,#DDB835
SW6915,Citronella,#CBA901
SW6918,Humorous Green,#C6B836
SW6920,Center Stage,#B2C216
SW6921,Electric Lime,#9ABA25
SW6924,Direct Green,#3F8A24
SW6925,Envy,#358C3F
SW6926,Lucky Green,#238652
SW6927,Greenbelt,#017244
SW6928,Green Vibes,#D4E7C3
SW6937,Tantalizing Teal,#87DCCE
SW6941,Nifty Turquoise,#019187
SW6942,Splashy,#019196
SW6943,Intense Teal,#017680
SW6950,Calypso,#01B0BB
SW6957,Undercool,#7FC3E1
SW6958,Dynamic Blue,#0192C6
SW6959,Blue Chip,#016EA7
SW6965,Hyper Blue,#015F97
SW6966,Blueblood,#015086
SW6967,Frank Blue,#225288
SW6968,Hyacinth Tint,#C2CBE0
SW6971,Morning Glory,#3C4C80
SW6973,Free Spirit,#CAB2D2
SW6981,Passionate Purple,#795484
SW6982,African Violet,#665385
SW6983,Fully Purple,#514C7E
SW6987,Jitterbug Jade,#019D6E
SW6988,Bohemian Black,#3B373C
SW6989,Domino,#353337
SW6990,Caviar,#313031
SW6991,Black Magic,#323132
SW6992,Inkwell,#31363A
SW6993,Black of Night,#323639
SW6994,Greenblack,#373A3A
SW7000,Ibis White,#F2ECE6
SW7001,Marshmallow,#EEE9E0
SW7002,Downy,#EFE8DD
SW7003,Toque White,#E7E2DA
SW7004,Snowbound,#EDEAE5
SW7005,Pure White,#EDECE6
SW7006,Extra White,#EEEFEA
SW7007,Ceiling Bright White,#E9EBE7
SW7008,Alabaster,#EDEAE0
SW7009,Pearly White,#E8E3D9
SW7010,White Duck,#E5DFD2
SW7011,Natural Choice,#E3DED0
SW7012,Creamy,#EFE8DB
SW7013,Ivory Lace,#ECE5D8
SW7014,Eider White,#E2DED8
SW7015,Repose Gray,#CCC9C0
SW7016,Mindful Gray,#BCB7AD
SW7017,Dorian Gray,#ACA79E
SW7018,Dovetail,#908A83
SW7019,Gauntlet Gray,#78736E
SW7020,Black Fox,#4F4842
SW7021,Simple White,#DFD9D2
SW7022,Alpaca,#CCC5BD
SW7023,Requisite Gray,#B9B2A9
SW7024,Functional Gray,#ABA39A
SW7025,Backdrop,#867A6F
SW7026,Griffin,#6F6459
SW7027,Well‐Bred Brown,#564537
SW7028,Incredible White,#E3DED7
SW7029,Agreeable Gray,#D1CBC1
SW7030,Anew Gray,#BFB6AA
SW7031,Mega Greige,#ADA295
SW7032,Warm Stone,#887B6C
SW7033,Brainstorm Bronze,#74685A
SW7034,Status Bronze,#5C4D3C
SW7035,Aesthetic White,#E3DDD3
SW7036,Accessible Beige,#D1C7B8
SW7037,Balanced Beige,#C0B2A2
SW7038,Tony Taupe,#B1A290
SW7039,Virtual Taupe,#8A7A6A
SW7040,Smokehouse,#716354
SW7041,Van Dyke Brown,#564536
SW7042,Shoji White,#E6DFD3
SW7043,Worldly Gray,#CEC6BB
SW7044,Amazing Gray,#BEB5A9
SW7045,Intellectual Gray,#A8A093
SW7046,Anonymous,#817A6E
SW7047,Porpoise,#6B645B
SW7048,Urbane Bronze,#54504A
SW7049,Nuance,#E2E0D6
SW7050,Useful Gray,#CFCABD
SW7051,Analytical Gray,#BFB6A7
SW7052,Gray Area,#AFA696
SW7053,Adaptive Shade,#867E70
SW7054,Suitable Brown,#645A4B
SW7055,Enduring Bronze,#554C3E
SW7056,Reserved White,#E0E0D9
SW7057,Silver Strand,#C8CBC4
SW7058,Magnetic Gray,#B2B5AF
SW7059,Unusual Gray,#A3A7A0
SW7060,Attitude Gray,#7C7D75
SW7061,Night Owl,#63655F
SW7062,Rock Bottom,#484C49
SW7063,Nebulous White,#DEDFDC
SW7064,Passive,#CBCCC9
SW7065,Argos,#BDBDB7
SW7066,Gray Matters,#A7A8A2
SW7067,Cityscape,#7F817E
SW7068,Grizzle Gray,#636562
SW7069,Iron Ore,#434341
SW7070,Site White,#DCDEDC
SW7071,Gray Screen,#C6CACA
SW7072,Online,#B0B5B5
SW7073,Network Gray,#A0A5A7
SW7074,Software,#7F8486
SW7075,Web Gray,#616669
SW7076,Cyberspace,#44484D
SW7077,Original White,#E2DEDB
SW7078,Minute Mauve,#CFC9C8
SW7079,Ponder,#BCB6B6
SW7080,Quest Gray,#ADA5A5
SW7081,Sensuous Gray,#837D7F
SW7082,Stunning Shade,#676064
SW7083,Darkroom,#443E40
SW7100,Arcade White,#F3EEE7
SW7101,Futon,#EDE6DB
SW7102,White Flour,#F4EFE5
SW7103,Whitetail,#F4EFE4
SW7104,Cotton White,#F7EFE3
SW7105,Paperwhite,#F7EFDE
SW7106,Honied White,#F8EEDB
SW7501,Threshold Taupe,#AC9A8A
SW7502,Dry Dock,#A18D7D
SW7503,Sticks & Stones,#A49689
SW7504,Keystone Gray,#9E9284
SW7505,Manor House,#665D57
SW7506,Loggia,#C4B7A5
SW7507,Stone Lion,#B3A491
SW7508,Tavern Taupe,#9C8A79
SW7509,Tiki Hut,#826F5E
SW7510,Chateau Brown,#5B4B44
SW7511,Bungalow Beige,#CDBFB0
SW7512,Pavilion Beige,#C5B6A4
SW7513,Sanderling,#A79582
SW7514,Foothills,#827466
SW7515,Homestead Brown,#6E5F53
SW7516,Kestrel White,#E0D6C8
SW7517,China Doll,#DBCEBD
SW7518,Beach House,#C9B29C
SW7519,Mexican Sand,#AF9781
SW7520,Plantation Shutters,#6A5143
SW7521,Dormer Brown,#AD947C
SW7522,Meadowlark,#9F8267
SW7523,Burnished Brandy,#7C5C43
SW7524,Dhurrie Beige,#CABAA8
SW7525,Tree Branch,#8A7362
SW7526,Maison Blanche,#DFD2BF
SW7527,Nantucket Dune,#D0BFAA
SW7528,Windsor Greige,#C4B49C
SW7529,Sand Beach,#D4C5AD
SW7530,Barcelona Beige,#C4B39C
SW7531,Canvas Tan,#DCD1BF
SW7532,Urban Putty,#CFC0AB
SW7533,Khaki Shade,#C0AF97
SW7534,Outerbanks,#B7A48B
SW7535,Sandy Ridge,#A18E77
SW7536,Bittersweet Stem,#CBB49A
SW7537,Irish Cream,#E3D2B8
SW7538,Tamarind,#C0A588
SW7539,Cork Wedge,#C1A98A
SW7540,Artisan Tan,#B09879
SW7541,Grecian Ivory,#D8CFBE
SW7542,Naturel,#CBC0AD
SW7543,Avenue Tan,#BCB099
SW7544,Fenland,#AC9D83
SW7545,Pier,#63523D
SW7546,Prairie Grass,#B1A38E
SW7547,Sandbar,#CBBFAD
SW7548,Portico,#BBAB95
SW7549,Studio Taupe,#AD9C85
SW7550,Resort Tan,#907D66
SW7551,Greek Villa,#F0ECE2
SW7552,Bauhaus Buff,#E7DBCC
SW7553,Fragile Beauty,#E7D7C6
SW7554,Steamed Milk,#ECE1D1
SW7555,Patience,#E2D3BF
SW7556,Crème,#F4E8D2
SW7557,Summer White,#F4E9D6
SW7558,Medici Ivory,#F3E9D7
SW7559,Décor White,#F2E5CF
SW7560,Impressive Ivory,#F4DEC3
SW7561,Lemon Meringue,#F5EACC
SW7562,Roman Column,#F6F0E2
SW7563,Restful White,#EEE8D7
SW7564,Polar Bear,#E8DFCA
SW7565,Oyster Bar,#DBD0BB
SW7566,Westhighland White,#F3EEE3
SW7567,Natural Tan,#DCD2C3
SW7568,Neutral Ground,#E2DACA
SW7569,Stucco,#DCCFBA
SW7570,Egret White,#DFD9CF
SW7571,Casa Blanca,#EDE1CE
SW7572,Lotus Pod,#E7D7C2
SW7573,Eaglet Beige,#E9D9C0
SW7574,Echelon Ecru,#E7D8BE
SW7575,Chopsticks,#E0D1B8
SW7577,Blackberry,#533640
SW7578,Borscht,#72353D
SW7579,Alaea,#81585B
SW7580,Carnelian,#573E3E
SW7582,Salute,#803532
SW7583,Wild Currant,#7C3239
SW7584,Red Theatre,#6E3637
SW7585,Sun Dried Tomato,#692B2B
SW7586,Stolen Kiss,#813235
SW7587,Antique Red,#9F4442
SW7588,Show Stopper,#A42E37
SW7589,Habanero Chile,#B8473D
SW7591,Red Barn,#7C453D
SW7592,Crabby Apple,#753531
SW7593,Rustic Red,#703229
SW7594,Carriage Door,#6E423E
SW7595,Sommelier,#5D3736
SW7596,Only Natural,#E2D3C4
SW7598,Sierra Redwood,#924E3C
SW7599,Brick Paver,#93402F
SW7600,Bolero,#903934
SW7601,Dockside Blue,#A0B3BC
SW7602,Indigo Batik,#3E5063
SW7603,Poolhouse,#8095A0
SW7604,Smoky Blue,#596E79
SW7605,Gale Force,#35454E
SW7606,Blue Cruise,#6591A8
SW7607,Santorini Blue,#416D83
SW7608,Adrift,#87AAB9
SW7609,Georgian Revival Blue,#5B8D9F
SW7610,Turkish Tile,#3E758A
SW7611,Tranquil Aqua,#7C9AA0
SW7612,Mountain Stream,#679199
SW7613,Aqua‐Sphere,#9CB0B3
SW7614,St. Bart's,#577C88
SW7615,Sea Serpent,#3E4B54
SW7616,Breezy,#A0AEAF
SW7617,Mediterranean,#60797D
SW7618,Deep Sea Dive,#376167
SW7619,Labradorite,#657B83
SW7620,Seaworthy,#314D58
SW7621,Silvermist,#B0B8B2
SW7622,Homburg Gray,#666D69
SW7623,Cascades,#273E3E
SW7624,Slate Tile,#606E74
SW7625,Mount Etna,#3D484C
SW7626,Zurich White,#E6E1D9
SW7627,White Heron,#E7E1D7
SW7628,Windfresh White,#DED8CF
SW7629,Grapy,#786E70
SW7630,Raisin,#392B2D
SW7631,City Loft,#DFDAD1
SW7632,Modern Gray,#D6CEC3
SW7633,Taupe Tone,#ADA090
SW7634,Pediment,#D3CCC4
SW7635,Palisade,#AA9E95
SW7636,Origami White,#E5E2DA
SW7637,Oyster White,#E2DDD0
SW7638,Jogging Path,#C0B9A9
SW7639,Ethereal Mood,#AEA594
SW7640,Fawn Brindle,#A7A094
SW7641,Colonnade Gray,#C6C0B6
SW7642,Pavestone,#A0998F
SW7643,Pussywillow,#B2ADA4
SW7644,Gateway Gray,#B2AC9C
SW7645,Thunder Gray,#57534C
SW7646,First Star,#DAD9D4
SW7647,Crushed Ice,#D6D3CC
SW7648,Big Chill,#D0CEC9
SW7649,Silverplate,#C2C0BA
SW7650,Ellie Gray,#AAA9A4
SW7651,Front Porch,#CCCCC5
SW7652,Mineral Deposit,#ABB0AC
SW7653,Silverpointe,#D1D2CB
SW7654,Lattice,#CECEC6
SW7655,Stamped Concrete,#A0A09A
SW7656,Rhinestone,#DEE0DE
SW7657,Tinsmith,#C5C8C4
SW7658,Gray Clouds,#B7B7B2
SW7659,Gris,#A5A9A8
SW7660,Earl Grey,#969A96
SW7661,Reflection,#D3D5D3
SW7662,Evening Shadow,#C9CCCD
SW7663,Monorail Silver,#B8BCBB
SW7664,Steely Gray,#90979B
SW7665,Wall Street,#656D73
SW7666,Fleur de Sel,#DCDDD8
SW7667,Zircon,#CAC9C6
SW7668,March Wind,#BAB9B6
SW7669,Summit Gray,#959491
SW7670,Gray Shingle,#949392
SW7671,On the Rocks,#D0CEC8
SW7672,Knitting Needles,#C3C1BC
SW7673,Pewter Cast,#9B9893
SW7674,Peppercorn,#585858
SW7675,Sealskin,#48423C
SW7676,Paper Lantern,#F2E0C4
SW7677,Gold Vessel,#EABA8A
SW7678,Cottage Cream,#EDDBBD
SW7679,Golden Gate,#D9AD7F
SW7680,Lanyard,#C09972
SW7681,Tea Light,#F8E4C2
SW7682,Bee's Wax,#EABF86
SW7683,Buff,#F1DFC1
SW7684,Concord Buff,#EDD6B1
SW7685,White Raisin,#E5C28B
SW7686,Hinoki,#F8DDB7
SW7687,August Moon,#E7C7A0
SW7688,Sundew,#E1CDAE
SW7689,Row House Tan,#D2BB9D
SW7690,Townhall Tan,#C3AA8C
SW7691,Biltmore Buff,#E3C9A1
SW7692,Cupola Yellow,#DCBC8E
SW7693,Stonebriar,#CBA97E
SW7694,Dromedary Camel,#CAAD87
SW7695,Mesa Tan,#BD9C77
SW7696,Toasted Pine Nut,#DCC6A6
SW7697,Safari,#CCB18B
SW7698,Straw Harvest,#DBC8A2
SW7699,Rustic City,#BA9A67
SW7700,Olde World Gold,#8F6C3E
SW7701,Cavern Clay,#AC6B53
SW7702,Spiced Cider,#B0785C
SW7703,Earthen Jug,#A85E39
SW7704,Tower Tan,#D5B59B
SW7705,Wheat Penny,#976B53
SW7707,Copper Wire,#C67B57
SW7709,Copper Pot,#B16A37
SW7710,Brandywine,#A56C4A
SW7711,Pueblo,#E6D0BD
SW7712,Townhouse Tan,#DFC8B5
SW7713,Tawny Tan,#CCB299
SW7714,Oak Barrel,#BFA287
SW7715,Pottery Urn,#AA866E
SW7716,Croissant,#DBC5A7
SW7717,Ligonier Tan,#D2B18F
SW7718,Oak Creek,#BB8D6B
SW7719,Fresco Cream,#D8C4AE
SW7720,Deer Valley,#C7A485
SW7721,Crescent Cream,#EDD1B1
SW7722,Travertine,#ECD3B3
SW7723,Colony Buff,#DDC6AB
SW7724,Canoe,#B7987B
SW7725,Yearling,#AD896A
SW7726,Lemon Verbena,#9D986F
SW7727,Koi Pond,#B9B292
SW7728,Green Sprout,#A29F80
SW7729,Edamame,#827C5A
SW7730,Forestwood,#4D5346
SW7731,San Antonio Sage,#A69474
SW7732,Lemongrass,#C8BD98
SW7733,Bamboo Shoot,#B3A479
SW7734,Olive Grove,#857C5D
SW7735,Palm Leaf,#635936
SW7736,Garden Sage,#B1A584
SW7737,Meadow Trail,#8D8168
SW7738,Cargo Pants,#CDC4AE
SW7739,Herbal Wash,#A49B82
SW7740,Messenger Bag,#7D745E
SW7741,Willow Tree,#AAAD9C
SW7742,Agate Green,#8EA486
SW7743,Mountain Road,#868578
SW7744,Zeus,#99907E
SW7745,Muddled Basil,#5A5243
SW7746,Rushing River,#A19C8F
SW7747,Recycled Glass,#BDC0A0
SW7748,Green Earth,#9A9883
SW7749,Laurel Woods,#44493D
SW7750,Olympic Range,#424C44
SW7757,High Reflective White,#F7F7F1
SW8917,Shell White,#F0EBE0
SW9001,Audrey's Blush,#AE8087
SW9002,Carley's Rose,#A87376
SW9003,Rita's Rouge,#BA7176
SW9004,Coral Rose,#C37F7A
SW9005,Coral Clay,#BF796E
SW9006,Rojo Dust,#B57466
SW9007,Melón Meloso,#F2B88C
SW9008,Bellini Fizz,#F5C78E
SW9009,Subdued Sienna,#CC896C
SW9010,Windswept Canyon,#DBA480
SW9011,Sun Bleached Ochre,#E3AB7B
SW9012,Polvo de Oro,#E8B87F
SW9013,Olden Amber,#EEB76B
SW9014,Pollen Powder,#FBD187
SW9015,They call it Mellow,#FBE4B3
SW9016,La Luna Amarilla,#FDDFA0
SW9017,Sunny Veranda,#FEDF94
SW9018,Honey Bees,#FBD682
SW9019,Golden Plumeria,#FBD073
SW9020,Rayo de Sol,#F4C454
SW9021,Naples Yellow,#F6D58F
SW9022,Yellow Bird,#F1CD7B
SW9023,Dakota Wheat,#E1BD8E
SW9024,Vintage Gold,#CBA576
SW9025,Coriander Powder,#BA9C75
SW9026,Tarnished Trumpet,#D5B176
SW9027,Pale Moss,#DCC797
SW9028,Dusted Olive,#BEA775
SW9029,Cool Avocado,#C4B47D
SW9030,Limón Fresco,#CEBC55
SW9031,Primavera,#D2D083
SW9032,Stay in Lime,#9FAC5C
SW9033,Oh Pistachio,#ABCA99
SW9034,Seawashed Glass,#A9C095
SW9035,Frosted Emerald,#78B185
SW9036,Retro Mint,#9FCDB1
SW9037,Baby Bok Choy,#BBB98A
SW9038,Cucuzza Verde,#9BA373
SW9039,Broccoflower,#8FA277
SW9040,Reseda Green,#75946B
SW9041,Parisian Patina,#7D9B89
SW9042,Verdigreen,#81A595
SW9043,Aquastone,#89C6B7
SW9044,Little Blue Box,#8AC5BA
SW9045,Bora Bora Shore,#92D0D0
SW9046,Gentle Aquamarine,#97CBD2
SW9047,After the Rain,#8BC4D1
SW9048,Surfin',#73C0D2
SW9049,Sky Fall,#89C6DF
SW9050,Vintage Vessel,#94B2A6
SW9051,Aquaverde,#A3C0BD
SW9052,Blithe Blue,#90BDBD
SW9053,Agua Fría,#9FC5CC
SW9054,Little Boy Blu,#C7D8DB
SW9055,Billowy Breeze,#AFC7CD
SW9056,French Moire,#9FBBC3
SW9057,Aquitaine,#88ABB4
SW9058,Secret Cove,#68909D
SW9059,Silken Peacock,#427584
SW9060,Connor's Lakefront,#175A6C
SW9061,Rest Assured,#9BBFC9
SW9062,Bluebird Feather,#6F9DB3
SW9063,Porch Ceiling,#9BC8DE
SW9064,Bluesy Note,#7C9AB5
SW9065,Perfect Periwinkle,#6487B0
SW9066,Agapanthus,#BBC5DE
SW9067,Forever Lilac,#AFA5C7
SW9068,Berry Frappé,#B3A1C6
SW9069,Veri Berri,#937496
SW9070,Baby Blue Eyes,#83A2B4
SW9071,Dyer's Woad,#7B99B0
SW9072,Dried Lavender,#8595AA
SW9073,Dusty Heather,#8990A3
SW9074,Gentle Grape,#908A9B
SW9075,Berry Cream,#9A8CA2
SW9076,Ruby Violet,#9B7E8B
SW9077,Rosaline Pearl,#A38887
SW9078,Cocoa Berry,#A08882
SW9079,Velvety Chestnut,#A2877D
SW9080,Hushed Auburn,#A8857A
SW9081,Redend Point,#AE8E7E
SW9082,Chocolate Powder,#A58C7B
SW9083,Dusted Truffle,#9C8373
SW9084,Cocoa Whip,#A08E7E
SW9085,Touch of Sand,#D5C7BA
SW9086,Cool Beige,#C6B5A7
SW9087,Smoky Beige,#B9A796
SW9088,Utaupeia,#A58F7B
SW9089,Llama Wool,#917864
SW9090,Caraïbe,#785F4C
SW9091,Half‐Caff,#604C3D
SW9092,Iced Mocha,#A3846C
SW9093,Nearly Brown,#A88E76
SW9094,Playa Arenosa,#DCC7B3
SW9095,Ginger Root,#D2B79E
SW9096,Beige Intenso,#C5A88D
SW9097,Soft Fawn,#B59778
SW9098,Baked Cookie,#89674A
SW9099,Saddle Up,#725237
SW9100,Umber Rust,#765138
SW9101,Tres Naturale,#DCC7AD
SW9102,Quinoa,#CFB597
SW9103,Farro,#C1A485
SW9104,Woven Wicker,#B99974
SW9105,Almond Roca,#A78361
SW9106,El Caramelo,#946E48
SW9107,Über Umber,#7B5838
SW9108,Double Latte,#A78C71
SW9109,Natural Linen,#DFD3C3
SW9110,Malabar,#CFBEA9
SW9111,Antler Velvet,#C0AD96
SW9112,Song Thrush,#AF987F
SW9113,Mudslide,#A08568
SW9114,Fallen Leaves,#8F7659
SW9115,Cowboy Boots,#695239
SW9116,Serengeti Grass,#AB9579
SW9117,Urban Jungle,#A4947E
SW9118,Tarnished Treasure,#B9A47E
SW9119,Dirty Martini,#DDD0B6
SW9120,Tumblin' Tumbleweed,#CDBB9C
SW9121,Sawgrass Basket,#C3B090
SW9122,Dried Edamame,#B19F80
SW9123,Barro Verde,#9F8E71
SW9124,Verde Marrón,#877459
SW9125,Oliva Oscuro,#665439
SW9126,Honed Soapstone,#9D9887
SW9127,At Ease Soldier,#9E9985
SW9128,Green Onyx,#989A82
SW9129,Jade Dragon,#909886
SW9130,Evergreen Fog,#95978A
SW9131,Cornwall Slate,#949488
SW9132,Acacia Haze,#969C92
SW9133,Jasper Stone,#8D9E97
SW9134,Delft,#8B9FA0
SW9135,Whirlpool,#80969D
SW9136,Lullaby,#CBD4D4
SW9137,Niebla Azul,#B6C3C4
SW9138,Stardew,#A6B2B5
SW9139,Debonair,#90A0A6
SW9140,Blustery Sky,#6F848C
SW9141,Waterloo,#536872
SW9142,Moscow Midnight,#204652
SW9143,Cadet,#91999C
SW9144,Moonmist,#C9D9E0
SW9145,Sleepy Hollow,#B7C9D1
SW9146,Faded Flaxflower,#9EB4C0
SW9147,Favorite Jeans,#8AA3B1
SW9148,Smoky Azurite,#708D9E
SW9149,Inky Blue,#4E7287
SW9150,Endless Sea,#32586E
SW9151,Daphne,#899CAA
SW9152,Let it Rain,#979FA5
SW9153,Moonlit Orchid,#949194
SW9154,Perle Noir,#4F4D51
SW9155,Slate Violet,#989192
SW9156,Gris Morado,#8F8A91
SW9157,Autumn Orchid,#9D9093
SW9158,Coquina,#9D8D8E
SW9159,Auger Shell,#9F9291
SW9160,Armadillo,#9E9089
SW9161,Dustblu,#959BA0
SW9162,African Gray,#939899
SW9163,Tin Lizzie,#939591
SW9164,Illusive Green,#92948D
SW9165,Gossamer Veil,#D3CEC4
SW9166,Drift of Mist,#DCD8D0
SW9167,Polished Concrete,#9E9793
SW9168,Elephant Ear,#988F85
SW9169,Chatura Gray,#A09287
SW9170,Acier,#9E9991
SW9171,Felted Wool,#979083
SW9172,Studio Clay,#958D7F
SW9173,Shiitake,#C8BCAB
SW9174,Moth Wing,#A0907F
SW9175,Deep Forest Brown,#393437
SW9176,Dress Blues,#2B4360
SW9177,Salty Dog,#234058
SW9178,In the Navy,#283849
SW9179,Anchors Aweigh,#2B3441
SW9180,Aged White,#E8DECD
SW9182,Rojo Marrón,#4B3029
SW9183,Dark Clove,#4C3D31
SW9184,Foxhall Green,#454B40
SW9185,Marea Baja,#2E5464
SW9186,Caramelized,#C29871