colorCode,colorName,hexCode
0001,Hint of Vanilla,#eee8dc
0002,Elusive White,#e8e3d6
0003,Nilla Vanilla,#f1ebe0
0004,Child of Heaven,#f1ebe0
0005,Kiara,#f5ecdc
0006,Little Dove,#ebe0ce
0007,Cotton Ball,#f5efde
0008,Casa Blanca,#f4ecd8
0009,Chapel Wall,#f3ead7
0010,Petticoat,#efe5ce
0011,Sugar Dust,#f8f6ed
0012,Bunny Cake,#f5efe2
0013,Sphere,#f2e8cc
0014,Twill,#f0e8d3
0015,White Glove,#f9f4e3
0016,Pumice Stone,#f7f1df
0017,Luna Moon,#eceae1
0018,Dove White,#e6e2d8
0019,Mystic Fog,#eae9e1
0020,Bonaire,#e6e2d7
0021,Barely White,#e1e3dd
0022,White Kitten,#dfdfdb
0023,Shell Tint,#ecf0e9
0024,Just About White,#e8e8e0
0025,Prismatic Pearl,#eae8dd
0026,Moon Drop,#ddd5c9
0027,White Fence,#e8e4d9
0028,Bannister White,#e1e0d6
0029,Cherish is the Word,#e6e4da
0030,Lady Nicole,#d6d6cd
0031,Italian Ice,#e2e0d3
0032,Ice Dream,#eaebe1
0033,Chafed Wheat,#f6e0cf
0034,Here Comes the Sun,#f1d0be
0035,Weekend Retreat,#e9c2ad
0036,Fortune's Prize,#daa994
0037,Money Tree,#c9937a
0038,Autumn's Hill,#ba7a61
0039,Mandalay Road,#a05f45
0040,Antique Candle Light,#f4e1d6
0041,Chinese Cherry,#f1d7cb
0042,Antoinette Pink,#e7c2b4
0043,Angel Breath,#dcaf9f
0044,Calliope,#c89a8d
0045,Sizzling Hot,#a36956
0046,Valentino,#7f4738
0047,Sand Island,#f4d1c2
0048,Embrace,#e8b8a7
0049,Auburn Wave,#d8a394
0050,Simmering Ridge,#cb9281
0051,Caramel Candy,#b3715d
0052,Spiced Carrot,#a4624c
0053,Remaining Embers,#8a4c38
0054,Wink Pink,#f8e8df
0055,Strawberry Whip,#f9d7cd
0056,Dainty Debutante,#f4bdb3
0057,Marble Pink,#d28279
0058,Angelic Choir,#b8665c
0059,Quintessential,#8c4f46
0060,Parlor Rose,#893e39
0061,Pinkathon,#f1bdba
0062,Blooming Perfect,#d89696
0063,Impatient Heart,#c47d7c
0064,Lord Baltimore,#b76764
0065,Poppy Prose,#ae605b
0066,Wild Rose,#90343a
0067,Lover's Kiss,#8f3b3d
0068,Summer Blush,#f7dfd7
0069,Empire Rose,#e7c5c1
0070,O Fortuna,#e1b8b5
0071,Ruby Eye,#d0a2a0
0072,Notice Me,#ba8686
0073,Corazon,#9d6663
0074,Emperor's Robe,#7b4940
0075,Pink Duet,#f8e7e4
0076,Fantastic Pink,#e6c8c9
0077,Pink Softness,#deb8bc
0078,Be Mine,#c99ea3
0079,Prophetess,#be8b8f
0080,Abra Cadabra,#966165
0081,Berry Crush,#73413e
0082,Rose Shadow,#f4d6d6
0083,Pink Coral,#eccacc
0084,Quiet Pink,#e6bcc0
0085,Fragrant Satchel,#d9a2aa
0086,King's Cloak,#c48692
0087,Cinnapink,#a6646f
0088,Casandra,#7c4549
0089,Star of Morning,#ebbbbe
0090,Moon Goddess,#d8a7ae
0091,Garnet Shadow,#c89095
0092,Fresh Day,#af7074
0093,Herald of Spring,#a46366
0094,Starlet,#854e51
0095,Queen's Rose,#753a40
0096,Morning Side,#f3e2df
0097,Odyssey Plum,#e1c2c5
0098,Lockhart,#be9aa2
0099,Lover's Tryst,#a47c85
0100,Whimsy,#8b5e63
0101,Fruitful Orchard,#773b3e
0102,Earthly Pleasure,#693c3b
0103,Hosanna,#dbb8bf
0104,Victorian Cottage,#d5afb6
0105,Harvest Blessing,#c49ca6
0106,Rare Find,#ae7e8a
0107,Prosperity,#915f66
0108,Exotica,#7a424e
0109,Kung Fu,#643b42
0110,Baby Bunting,#edc9cd
0111,Acadia Bloom,#e5b7be
0112,Lady Flower,#d0a4ae
0113,Punch of Pink,#b68692
0114,Montrose Rose,#9d6a73
0115,Sophistication,#713545
0116,Cordova Burgundy,#7c3744
0117,Satin Slipper,#f1d7d1
0118,Miniature Posey,#e5beba
0119,Angela Canyon,#c99997
0120,Summer's Eve,#a97069
0121,Savanna,#874c44
0122,Outrageous,#824438
0123,Monterey Chestnut,#7d4235
0124,Merlins Beard,#efe2d9
0125,Pout,#e4ccc3
0126,Sauterne,#d7bbb3
0127,Andes Ash,#c1a097
0128,Rocky Mountain,#a9867d
0129,Arrowhead,#8f685d
0130,Evolution,#704a3d
0131,Cliffswallow,#ecddd4
0132,Summer Beige,#dbc2b9
0133,Natchez,#ba9f95
0134,Baby Sprout,#a78b81
0135,Emerging Leaf,#987a6e
0136,Amazon Mist,#7f6054
0137,Hideaway,#654637
0138,Coconut Macaroon,#dacac0
0139,Souffl?,#cebbb3
0140,Cozy Cover,#b7a299
0141,Bush Buck,#a48d83
0142,Ranch House,#7b645a
0143,Connoisseur,#654e44
0144,Film Noir,#473933
0145,Flax Flower,#f0e0d5
0146,Truffles,#ead7cd
0147,Cave Painting,#d3baae
0148,Oak Plank,#c8a99a
0149,Pavilion Tan,#b29080
0150,Temptation,#956e5f
0151,Coffee Shop,#725042
0152,Flirt,#f0dac5
0153,Take-Out,#e6ccb7
0154,Romulus,#dfc1a8
0155,Cowhide,#cda688
0156,Skinny Dip,#b58a6e
0157,Dodge Pole,#a37355
0158,Mover and Shaker,#855d44
0159,Senior Moment,#f1e0cf
0160,Kingdom's Keys,#e9cfb7
0161,Tiny Calf,#e0bfa5
0162,Apple Pie,#caab94
0163,Camel Train,#af8e75
0164,Veldrift,#a17d61
0165,Cavern Sand,#947054
0166,Pastel Day,#f7e6d2
0167,First Date,#e7cfb7
0168,Candle Light,#ddc1a6
0169,Fossil Tan,#d1af90
0170,Blonde Shell,#be9673
0171,Golden Glove,#9e7551
0172,Chasm,#876044
0173,Pale Gingersnap,#eaddca
0174,Maple Pecan,#e3d1bb
0175,3am Latte,#c0a98e
0176,Country Dweller,#b0967c
0177,Weaver's Tool,#9d7f62
0178,Cupcake,#8a6e53
0179,Fall in Season,#7f6144
0180,Fresh Linen,#ece2d4
0181,Ageless,#e0d2c2
0182,Ivory Ridge,#d9c9b8
0183,Moth Wing,#ccbca9
0184,Macadamia Brown,#bba791
0185,Noble Crown,#8d755d
0186,Christmas Ornament,#6e5a49
0187,White Lightning,#eee2d3
0188,Baguette,#ccbbab
0189,Delicate Honeysweet,#bcab99
0190,Village Crier,#ad9986
0191,Dusty Path,#8c7763
0192,Dapper,#715b49
0193,Alpha Male,#715a45
0194,August Moon,#e5e0d5
0195,Mossy Shade,#dbd2c7
0196,Overgrown,#cec6b8
0197,Thistle Gray,#c0b6a8
0198,Young Colt,#a79b8c
0199,Sandy Shoes,#847563
0200,Stony Field,#615547
0201,Sparkling Champagne,#eceadd
0202,Powder Cake,#dfd7ca
0203,Whale Bone,#d0c8bb
0204,Marshy Habitat,#b8aea2
0205,Wood Shadow,#a79e90
0206,Thatched Cottage,#837766
0207,Ares Shadow,#62584c
0208,Umber Style,#ece7dd
0209,Polished,#ded8ce
0210,Hidden Cove,#cdc7bd
0211,Light Lichen,#bfb6a9
0212,Big Spender,#a79c8e
0213,Coastal Fog,#7e7264
0214,Wildwood,#60554c
0215,Herare White,#e7e0d3
0216,Earthling,#ded6c7
0217,Oak Tone,#d0c7b6
0218,Drifting Sand,#a89f93
0219,Camel's Hump,#817667
0220,Monk's Cloth,#6e6355
0221,Brown Suede,#5b4f41
0222,Au Natural,#e5e1ce
0223,White Elephant,#e3dbc8
0224,Pebblebrook,#d8d0bc
0225,Roman Ruins,#c0b5a0
0226,Sedge,#b1a591
0227,Moonscape,#8b7e6a
0228,Hannover Hills,#685d4a
0229,Feather Stone,#e3ded2
0230,Harrow Gate,#dbd4c7
0231,Desert Mirage,#d2cabc
0232,Frond,#c2baab
0233,Deep Marsh,#ada18e
0234,Industrial Strength,#877a65
0235,Black Heath,#675a49
0236,Sunday Gloves,#e8d4b9
0237,Flan,#e2c8aa
0238,Crowned One,#d4b597
0239,Tailored Tan,#bd9d7e
0240,Spiced Rum,#ad8b6a
0241,Prince Paris,#9d7957
0242,Rare Happening,#8d6a48
0243,Frozen Custard,#ead0ac
0244,Mulled Cider,#e3c39b
0245,Caramel Cloud,#d4af85
0246,Cinnamon Toast,#caa272
0247,Apple Crisp,#bb8e5e
0248,Safari Sun,#b4875e
0249,Butterscotch Mousse,#a97d54
0250,Pumpkin Spice,#f5e7cf
0251,Alchemy,#efd7b8
0252,October Bounty,#e3c6a3
0253,Honey Glow,#e0bf99
0254,Living Large,#d7b387
0255,Back to Basics,#c49a69
0256,Crazy Horse,#a57648
0257,Shortbread,#ebd9bd
0258,Classic Terra,#e4ceae
0259,Persian Fable,#d2bb9c
0260,Cocoa Nib,#bc9f7e
0261,Tan Hide,#af926d
0262,Log Cabin,#9e805b
0263,Country Charm,#8d6c48
0264,Palest of Lemon,#e6d6bb
0265,Marshmallow Mist,#e0caaa
0266,October Harvest,#d1bb98
0267,Season Finale,#bea27b
0268,Rich Oak,#a7855a
0269,Sahara Wind,#8b6a3f
0270,Graham Crust,#806240
0271,Clover Honey,#ebe0d1
0272,Mineral Water,#ded1bd
0273,Sandstone Palette,#d9ccb6
0274,Polished Marble,#d0bc9d
0275,Highlight,#bba583
0276,Gold Taffeta,#a48b68
0277,Golden Freesia,#876f4d
0278,Barberry Sand,#e1d4bc
0279,Garden Country,#d6c5a9
0280,Wicker Basket,#c7b699
0281,Olive Gold,#bfac8b
0282,Vintage Gold,#b79e78
0283,Historic Town,#a18a64
0284,Queen Lioness,#77613d
0285,Eugenia,#f2e8d4
0286,Yellow Page,#eadcc6
0287,Muslin Tint,#e0cdb1
0288,Golden Buff,#dec8a3
0289,Prairie Sand,#c9b18a
0290,Key Keeper,#a48a62
0291,Rutherford,#8d734f
0292,Privileged,#f3ead7
0293,What Inheritance?,#e8d7bc
0294,Rub Elbows,#e2d0b0
0295,Spanish Cream,#d6c2a0
0296,Only Yesterday,#c9b08a
0297,Gold Season,#b19971
0298,Brocade,#8b7045
0299,Allison Lace,#f3ead5
0300,Ivory Parchment,#efe3ca
0301,Corinthian Pillar,#e1d1b1
0302,Rich Reward,#b9a37f
0303,Bauhaus Gold,#b0986f
0304,Gold Tangiers,#9e865e
0305,Golden Summer,#816945
0306,Saffron Tint,#f3ead5
0307,Putting Bench,#f1e4c9
0308,Coconut Crumble,#e2cea6
0309,Palmetto Bluff,#ceb993
0310,Sassafras,#baa47a
0311,Life Exotic,#ae9567
0312,September Gold,#8d7548
0313,Chic Magnet,#ede1c8
0314,Trade Secret,#e6d8bd
0315,Peaceable Kingdom,#ddccac
0316,Golden Lake,#d8c7a2
0317,Green Gold,#c5b088
0318,There's No Place Like Home,#ad9569
0319,Herald's Trumpet,#8a754c
0320,Floating Island,#ece5cf
0321,Hephaestus,#e1d4b6
0322,Gabriel's Light,#dacca8
0323,Star of Gold,#baa87d
0324,Upon Reflection,#ac986a
0325,Welcome Home,#907c51
0326,Bambino,#7e6c45
0327,Tawny Daylilly,#eee4d1
0328,Land of Trees,#e0d5b9
0329,Knit Cardigan,#d6c8a8
0330,Castaway Beach,#d0c19f
0331,Refined,#c1b38c
0332,All Nighter,#9d8d67
0333,Grasslands,#7a6b49
0334,Sedona,#e7e0cf
0335,Illusive Dream,#e1d5c2
0336,Soft Leather,#c5baa6
0337,Urban Charm,#aea28c
0338,Whipcord,#a09176
0339,Ceramic Pot,#908268
0340,Nightfall,#61523d
0341,Loch Ness,#e8e1ce
0342,Velum Smoke,#d6ceb9
0343,Cantera,#cec5af
0344,Courtyard,#c8bda4
0345,Travertine Path,#b5ab8f
0346,Northeast Trail,#948666
0347,Jungle Cover,#6d6249
0348,Dried Grass,#ddd5bf
0349,Reseda,#d0c7b0
0350,Helen of Troy,#c3b89f
0351,Mohalla,#a79b7e
0352,Shagbark Olive,#90876b
0353,Becker Gold,#776949
0354,Austere,#726848
0355,Twinkle Twinkle,#f3f2e8
0356,Moth Mist,#edebde
0357,Moss Island,#dddccc
0358,Silky Green,#c7c0a9
0359,Green Sleeves,#a19675
0360,Land Before Time,#8a7f5d
0361,Georgia on My Mind,#746a4b
0362,Pale Quartz,#efeada
0363,Mission Hills,#e2dac3
0364,Stone Hearth,#d0c6a9
0365,Abbey Stone,#a29778
0366,Owlet,#90845f
0367,Chocolate Velvet,#7f7453
0368,Folk Tales,#766a47
0369,Saturnia,#dddbce
0370,Palatine,#c9c7b6
0371,Fiorito,#bfbfaf
0372,Historic Shade,#ada791
0373,Burning Idea,#8f8b72
0374,Candle Wax,#6f6a53
0375,African Queen,#645e42
0376,Bleached Meadow,#eae5d5
0377,Montezuma,#d2cdb6
0378,Garden Hedge,#c7c1a8
0379,Orestes,#9f9b84
0380,Mirrored Willow,#8d876d
0381,Sonata,#7e795e
0382,Mount Olive,#716646
0383,Natural Whisper,#f0e8cf
0384,Cheese Please,#ede5cb
0385,Howdy Neighbor,#ded2aa
0386,Hippolita,#cfc294
0387,Goldie Oldie,#baad75
0388,Shiny Gold,#ae9f65
0389,Gold Sparkle,#786b3d
0390,Olive Tint,#efebd7
0391,Crispa,#e7dfc1
0392,Alsot Olive,#dfd5b1
0393,Inviting Gesture,#cdc29d
0394,High Chief,#bdb388
0395,Crack Willow,#b0a470
0396,Wing Man,#7a6f39
0397,Hidden Paradise,#ecebd5
0398,Island Embrace,#ded9b4
0399,Sawgrass Cottage,#d3cda2
0400,New Foliage,#c2bc90
0401,Bamboo Forest,#b1a979
0402,Sabo Garden,#978d59
0403,Tropical Twist,#837946
0404,Translucent Vision,#e4e6d0
0405,Planet Earth,#daddc3
0406,Home Body,#cfd2b4
0407,Vapor,#c0c4a2
0408,Rediscover,#b5b790
0409,Green Cast,#919365
0410,Old School,#686945
0411,Cyprus Spring,#f2f2ea
0412,Sublime,#ecede0
0413,Speak to Me,#dfdfd0
0414,Plume Grass,#c6c7b0
0415,French Pear,#9e9f7d
0416,Taffeta Sheen,#81825f
0417,Aloe Leaf,#61643f
0418,Onion Skin,#ebe8dc
0419,Poseidon's Beard,#d9d6c7
0420,Dave's Den,#c3bfae
0421,Silverado Ranch,#a7a89b
0422,Everlasting Sage,#949587
0423,Eye of the Storm,#6b6a5b
0424,Monogram,#595747
0425,Pale Green Tea,#e2e2d2
0426,September Song,#d5d8c8
0427,Arbor Vitae,#bbc3ad
0428,Lucky Day,#929a7d
0429,Pendula Garden,#7b8267
0430,Vegetarian,#595d47
0431,Clover Patch,#464a3b
0432,Sweet Spring,#ededde
0433,Grassy Glade,#d8ddca
0434,Lush Meadow,#c0cbb1
0435,Big Fish,#99a38e
0436,Fern Gully,#838c72
0437,Bowling Green,#717b61
0438,Delicious,#585e46
0439,Numero Uno,#e2e6de
0440,Pale Loden,#ccd2ca
0441,Slate Stone,#acb4ac
0442,Dowager,#838c82
0443,Serpentine,#5e5e51
0444,Grime,#565143
0445,Deep Shadow,#514a3d
0446,Sealskin Shadow,#e9ece6
0447,Metal Flake,#d8dcd6
0448,Ice Flow,#bdc3bd
0449,Cannon Ball,#99a098
0450,River God,#6c6c5f
0451,Evening Dove,#545243
0452,Ruggero Grey,#484435
0453,Feather Fern,#d5dcd0
0454,Marble Green,#cbd4c8
0455,Favored One,#bfcabd
0456,Fair Maiden,#a5b3a5
0457,Heavenly Garden,#93a394
0458,Malarca,#6e7d6e
0459,Pleasant Hill,#4d5a4c
0460,Just a Little,#dbe0d6
0461,Calm Breeze,#ccd5cd
0462,Resting Place,#bcc8be
0463,Gaelic Garden,#a5b3ab
0464,Kathleen's Garden,#8fa099
0465,Earthen Cheer,#667971
0466,Green Column,#465149
0467,Sweet Ariel,#e5eae3
0468,Mellow Blue,#d7e2dd
0469,D?j? Vu,#bed1cc
0470,Dreaming of the Day,#abc1bd
0471,Miracle Bay,#799292
0472,Micropolis,#556e6b
0473,Atlantic Waves,#264243
0474,Raindance,#d6ded5
0475,Foggy Mist,#c8d1cc
0476,Lighthouse View,#bac5be
0477,Ocean Cruise,#acb8b2
0478,Singing in the Rain,#8e9c98
0479,Stairway to Heaven,#67716e
0480,Deep Sea Shadow,#4e5856
0481,Dream Catcher,#dae4dc
0482,Powdered Pool,#c7d6d0
0483,Indulgence,#afc2c1
0484,Stormy Bay,#9aafaf
0485,North Beach Blue,#849c9d
0486,Paradise City,#5f7475
0487,Deep Space,#435454
0488,Luna Light,#c2ceca
0489,Whirlwind,#b6c3c1
0490,Beacon Fog,#9caaac
0491,Smoky Day,#7d8f92
0492,Polar Pond,#6b7b7b
0493,Spacebox,#5c6b6b
0494,Dark River,#3e4445
0495,Breakwaters,#d9e5e0
0496,Cape Hope,#bfd3d2
0497,Restful Retreat,#b1c7c9
0498,Wonder Land,#92adb2
0499,Ocean Melody,#7d999f
0500,Bowman Blue,#587176
0501,Calm Interlude,#3c4d51
0502,Ocean Crest,#d6dddd
0503,Water Droplet,#bdc9ce
0504,Indian Tears,#9eb0bb
0505,In Good Taste,#8999a4
0506,Ocean Storms,#70818e
0507,Deep Lagoon,#5e6c76
0508,Midnight Magic,#46474a
0509,Beryl Pearl,#e2e3df
0510,Sacred Spring,#c7cbce
0511,Cystern,#a9b0b6
0512,Overcast Day,#8f99a2
0513,Backwater,#687078
0514,Thunderstorm,#555c64
0515,Silent Sea,#2a2b2c
0516,Diamond Stud,#dbdbda
0517,Cool Elegance,#cfcfd0
0518,Let It Rain,#b6b8bd
0519,Baby Seal,#9da3ac
0520,Slate Tint,#7a818d
0521,Dolphin Dream,#6b6f78
0522,Octavius,#38393f
0523,Felicity,#e5e4df
0524,Nomadic Travels,#cacecc
0525,Marseilles,#b7bbbb
0526,Metropolis Mood,#99a1a5
0527,London Road,#7f878a
0528,Greybeard,#626869
0529,Black Licorice,#3a3b3b
0530,Metro,#d4d5d0
0531,Snowglory,#c8c8c4
0532,Rand Moon,#b7b7b4
0533,Techile,#9fa1a1
0534,Subtle Shadow,#7f8282
0535,Zen Retreat,#5b5d5c
0536,Subway,#454543
0537,Dove's Wing,#e2dfda
0538,Santo,#d6d2ce
0539,Place of Dust,#c6c3c0
0540,Praise Giving,#b2b1ae
0541,Smoky Tone,#9d9e9d
0542,Captain Nemo,#828080
0543,November Storms,#423f3b
0544,Venetian Wall,#e3dcd6
0545,Old Grey Mare,#dad7d3
0546,Paternoster,#c7c7c6
0547,Tin Man,#afadad
0548,Jet Gray,#9d9a9a
0549,Emu,#756e6d
0550,Gargoyle,#60544f
0551,Orchid Shadow,#cbc5c2
0552,North Island,#bcb6b4
0553,Smoky Wings,#b2aca9
0554,Sparrow,#999494
0555,Ocean Frigate,#7a7778
0556,Smokescreen,#5e5755
0557,Evermore,#463e3b
0558,Queen Anne's Lace,#f0ece2
0559,Always Neutral,#dfd7cb
0560,Awakening,#d5cbbe
0561,Indian Hills,#aea69b
0562,Sultry Castle,#948d84
0563,Vigilant,#81796f
0564,Bad Hair Day,#605547
0565,Eskimo Boot,#eae6dc
0566,Sheepskin,#cfc7bd
0567,Hearthstone,#c7beb2
0568,Cloudy Today,#a6a096
0569,Fireplace Mantel,#847c70
0570,Grey Locks,#72695e
0571,Terra Pin,#534d42
0572,Power Lunch,#d4d1c7
0573,Chintz,#c0bbae
0574,Shark Fin,#a5a39a
0575,Greystoke,#88857d
0576,Stormy Weather,#777367
0577,King Fischer,#6e6a5e
0578,Philosophically Speaking,#4d483d
0579,Turkish Tower,#d9d9d1
0580,Rippled Rock,#c4c5bc
0581,Fossilized,#b6b8b0
0582,Paved Path,#828782
0583,Billowing Smoke,#6e726a
0584,Tornado Wind,#60635f
0585,Oyster Catch,#4a4c45
0586,Wind Blown,#dde3e7
0587,Atmospheric Pressure,#c2d0e1
0588,Babbling Creek,#a7bad3
0589,Celestial Horizon,#7c94b3
0590,Madonna Blue,#5f7799
0591,Blue Jacket,#597193
0592,Quiet Peace,#3a4a64
0593,Surf's Surprise,#c4d3e5
0594,Simply Sparkling,#b0c5e0
0595,Sail into the Horizon,#a3bbdc
0596,Lazy Day,#95aed1
0597,Himalaya Sky,#7695c2
0598,Caribbean Current,#5678a9
0599,Florida Waters,#2a4983
0600,Melting Glacier,#eceeed
0601,Cool Sky,#dbe4ec
0602,Fluid Blue,#c5d6eb
0603,Angela Bay,#a9c1e5
0604,Blue Skies Today,#95afdc
0605,Capri Isle,#4f72b3
0606,Frozen Blue,#354079
0607,Brush Blue,#d4e1ed
0608,Modern Blue,#bad1e9
0609,Innuendo,#9abce4
0610,Blue Parlor,#85abdb
0611,Bashful Blue,#6994cf
0612,Parkwater,#477bbd
0613,Blue Highlight,#324a8b
0614,Simple Serenity,#c8d9e5
0615,Blue Bayou,#b4ccdf
0616,Bluette,#9ebed8
0617,John's Blue,#82a3c0
0618,Heavenly Sky,#6b90b3
0619,Honky Tonk Blue,#446a8d
0620,Star-Studded,#32425a
0621,Nuance,#d2dde0
0622,Serene Setting,#c5d2d9
0623,Pompeii Ruins,#b5c7d4
0624,Blue Pot,#9aaec0
0625,North Sea,#859bb1
0626,Blue Depths,#5a7187
0627,Into the Stratosphere,#425267
0628,Illuminating Experience,#dee4e0
0629,Polished Cotton,#c7d4d7
0630,Star Mist,#b3c6ce
0631,Chicago Skyline,#96adba
0632,Breath-Taking View,#809bac
0633,Cape Cod Bay,#557080
0634,Day Spa,#3d5463
0635,Aquafir,#e2eced
0636,Empress Lila,#c4deed
0637,Marzena Dream,#a6d0ec
0638,Watery Sea,#88bfe7
0639,Acapulco Dive,#65a7dd
0640,Skylla,#1f7cc2
0641,Dancing Sea,#1c4d8f
0642,Sea Foam Mist,#cbdce2
0643,Abstract Idea,#b9d1dd
0644,Dancing in the Rain,#abc5d6
0645,Calm Tint,#8db1ce
0646,Key West Zenith,#759fc1
0647,Zenith,#497a9f
0648,Happy Tune,#345875
0649,Divine Inspiration,#d8e2e1
0650,Bridgewater Bay,#bcd7e2
0651,Soft Blue,#a8ccdd
0652,Mountain Main,#8db8d0
0653,Sea of Atlantis,#6aa1c1
0654,Peninsula,#37799c
0655,Queen of the Night,#295776
0656,Roman White,#deedeb
0657,Kyoto,#bee3ea
0658,Orleans Tune,#97d5e7
0659,Lasting Thoughts,#72c7e3
0660,Epimethius,#4bb2d5
0661,Charybdis,#16a3cb
0662,Ocean Spray,#005379
0663,Falling Tears,#e9efeb
0664,Zircon Ice,#d0e4e5
0665,Monet Magic,#bbdade
0666,Trisha's Eyes,#8eb9c4
0667,Blessed Blue,#659aa7
0668,Wish Upon a Star,#447f8a
0669,Frozen Stream,#30555d
0670,Drifting Tide,#dfefeb
0671,Egg Blue,#c1e7eb
0672,Quiet Pond,#94d8e2
0673,Enchanted Evening,#63c3d3
0674,Sarah's Garden,#00aac1
0675,Blue Bliss,#0092aa
0676,Job's Tears,#005b7a
0677,Eastern Wind,#ceefea
0678,Luxor Blue,#bde9e5
0679,Everest,#a0e3e0
0680,Andes Sky,#78d8d9
0681,Cyan Sky,#00b5b8
0682,Pleasant Stream,#00a0a2
0683,Joyful Tears,#006669
0684,Snow Drift,#e1efe8
0685,Dillard's Blue,#d6e9e4
0686,Outerspace,#b4dcda
0687,Stillwater,#8cc1c2
0688,Cold North,#559c9b
0689,Atmosphere,#3a8483
0690,Blue Period,#075158
0691,Paradise,#def1ea
0692,Barely Aqua,#bae9e0
0693,Island Breeze,#8adacf
0694,Turkish Teal,#72cac1
0695,Indian Necklace,#3fb2a8
0696,Meringue,#009c8e
0697,Arizona Stone,#00655a
0698,Calm Thoughts,#e5ede2
0699,Lickety Split,#c2d9d1
0700,Uninhibited,#b5d1c7
0701,Plunge,#a4c2b9
0702,Peg's Promise,#8caca2
0703,Mountain Meadow,#66887b
0704,Plateau,#49665a
0705,Bay Green,#d3ebe0
0706,Filtered Forest,#b7e1d2
0707,Shimmering Glade,#a3d6c5
0708,Catarina Green,#90c4b4
0709,Calmness,#68a895
0710,On the Nile,#488d74
0711,Cute Pixie,#1a5445
0712,Teal Treat,#d9f2e3
0713,Mediterranean Mist,#bce9d6
0714,Turquoise Tower,#a8e3cc
0715,Aquamarine Ocean,#82cdad
0716,Blue Green Scene,#56b78f
0717,Tropical Tale,#2a9e6e
0718,Aquadazzle,#006f49
0719,Mint Grasshopper,#e2f0e0
0720,Silky Mint,#d7ecd9
0721,Leaves of Spring,#c5e6cc
0722,Liliana,#a5d5b3
0723,Goddess Green,#76ad83
0724,Wildness Mint,#5d9865
0725,Melbourne,#4c7c4b
0726,Hidden Jade,#ebf1e2
0727,Graceful Mint,#daeed5
0728,Celtic Spring,#aadeb2
0729,Garden Goddess,#99cea0
0730,Lucerne,#77b87c
0731,Aqueous,#56a05b
0732,Tingle,#2b7b37
0733,Leaf Print,#dfecd9
0734,Vineyard Green,#c1dcc8
0735,Cool Spring,#bbd9c3
0736,Mini Green,#9fc5aa
0737,Buenos Aires,#8ab395
0738,Spring Forest,#67926f
0739,Jungle Adventure,#486649
0740,Just About Green,#e2e7d3
0741,Turning Leaf,#ced9c3
0742,Isle of Dreams,#bcccb5
0743,Belladonna's Leaf,#adc3a7
0744,Hidden Glade,#98ad8e
0745,Chic Shade,#7c9270
0746,Mother Nature,#566749
0747,Whitewash,#e9ebd8
0748,Balance,#d1dbc2
0749,Perspective,#c5d0b3
0750,Wispy Mint,#bcc7a4
0751,Green Glass,#aab892
0752,Cactus Valley,#88976b
0753,Baby Vegetable,#5d6942
0754,Colleen Green,#eaeeda
0755,Creamy Mint,#cdddbb
0756,Meadow Grass,#c1d6b1
0757,Garland Pine,#b9cfa6
0758,Glendale,#a1bb8b
0759,Perennial Garden,#87a56f
0760,Green Knoll,#647f4a
0761,Maison Verte,#e5f0d9
0762,Green Song,#d1e9c4
0763,Graceful Flower,#bddfb2
0764,Green Sheen,#b4d5a2
0765,Sweetness,#91bf81
0766,Gentle Caress,#7bac61
0767,Golf Day,#5a8b3f
0768,Restful Rain,#f1f2dd
0769,Earth Happiness,#e3edc8
0770,Woodland Nymph,#d4e8b3
0771,Green Lime,#c1db9a
0772,Wonder Woods,#abcb7b
0773,Glass Bottle,#93ba59
0774,Green Gone Wild,#73a236
0775,Elfin Magic,#eeeeca
0776,Green Mist,#e4eab9
0777,Envy,#e0e7ae
0778,Vacation Island,#d1d991
0779,Frog Green,#c3cd7c
0780,Hyper,#a6b554
0781,Science Experiment,#91a135
0782,Tender Shoot,#e8eace
0783,Clean Air,#d8ddb6
0784,Fresh Start,#cfd4a4
0785,Misty Valley,#bdc389
0786,Peter Pan,#a5a966
0787,Totally Cool,#909853
0788,Green Glow,#798040
0789,Garden Seat,#ebe6c7
0790,Forest Found,#e1dfbb
0791,Origin,#d8d4a8
0792,Footie Pajamas,#c9c489
0793,Motherland,#bcb667
0794,The Goods,#aaa651
0795,Martina Olive,#8e8e41
0796,Spotlight,#f5efd3
0797,Bermuda Son,#f0e9be
0798,Lemon Appeal,#efe4ae
0799,Fire Dance,#e3d590
0800,Yellow Umbrella,#cdbb63
0801,Rain Slicker,#bca849
0802,Rain Boots,#a5953b
0803,Perky Tint,#fbf4d3
0804,Sweetie Pie,#f5e5b5
0805,Mella Yella,#f0dda2
0806,Sweet Angelica,#e8d08e
0807,Bright Idea,#d8b760
0808,Yellow Lupine,#ccaa4d
0809,Hair Ribbon,#bd9c3a
0810,Annabel,#f7efcf
0811,Martica,#f4e5b7
0812,Gold Strand,#f3dfa6
0813,Glistening,#eed288
0814,Golden Glow,#eecb71
0815,Lemon Surprise,#e1bc5c
0816,Sin City,#cfa236
0817,Best of Summer,#f7f2d9
0818,Day at the Zoo,#f8f3da
0819,Lemon Tint,#fcf3cb
0820,Sign of the Crown,#fce299
0821,Sun Touched,#fad675
0822,Sunny Mood,#f7c84a
0823,Sun Drops,#eaaf11
0824,Hush,#f9f5dd
0825,Frozen Banana,#fbf5d6
0826,Banana Custard,#fcf3c5
0827,Ray of Light,#fdf2c0
0828,Go Go Glow,#fee18b
0829,Dandy Lion,#facc51
0830,Warm Fuzzies,#f5b72e
0831,Lavish Lemon,#f9efca
0832,Lemon Sponge Cake,#f8ecae
0833,Scene Stealer,#fae89a
0834,Lemon Drizzle,#fee483
0835,Glitter Yellow,#f8d75a
0836,Basket of Gold,#f4cc3c
0837,Fresh Scent,#f1c11c
0838,Fresh Cream,#fcf7e0
0839,Butterball,#fff4c4
0840,Lemon Zest,#fff1a5
0841,Sun's Glory,#fde164
0842,Sunnyside,#f8d016
0843,Buttered Popcorn,#f1c800
0844,Yolk,#efc700
0845,Lemon Stick,#fbf7e0
0846,Pure Laughter,#fdf5ca
0847,Yellow Blitz,#fdf4bb
0848,Yellow Tail,#fff29d
0849,Lemon Peel,#ffed80
0850,Citron,#ffde42
0851,Happy Face,#ffd10b
0852,Touch of Sun,#faf7e9
0853,Lemon Lilly,#faf4d9
0854,Crocus Tint,#fdf1c7
0855,Butter Tart,#ffe99e
0856,Broadway Lights,#ffe07b
0857,Peeps,#ffcf38
0858,Look at the Bright Side,#ffbf00
0859,Daylilly Yellow,#f8f0d2
0860,Hawaiian Cream,#fae8b8
0861,Lemon Filling,#f9e4a6
0862,Yellow Trumpet,#f9d988
0863,I'm a Local,#ebbf5c
0864,Lioness,#e0af47
0865,Lemon Bar,#cea02f
0866,Apple Sauce,#f4ebd2
0867,Egg Noodle,#f1e3bd
0868,Shortcake,#eedaac
0869,Frozen Fruit,#e1ca99
0870,Lemon Slice,#c4a461
0871,Gold Finch,#ba9b5d
0872,Saffron Valley,#a7843e
0873,Washed in Light,#fae8c8
0874,Kettle Corn,#f6e2bd
0875,Nothing Less,#f2deb9
0876,Corn Chowder,#e1c595
0877,Gold Digger,#d1b075
0878,Glorious Gold,#c49f63
0879,Golden Cadillac,#ac864b
0880,Cauliflower Cream,#f2e4c7
0881,Golden Syrup,#ebd8b3
0882,Marzipan,#e9d4aa
0883,Follow the Leader,#dcc596
0884,Gold Tweed,#c9ab73
0885,Jungle Expedition,#b49356
0886,Gold Estate,#977a41
0887,Haystack,#f1e3c7
0888,Golden Weave,#eadcc0
0889,Russeau Gold,#ead6af
0890,Dubloon,#d5b688
0891,Silence is Golden,#c2a06d
0892,Gold Ransom,#b39260
0893,Rich and Rare,#977540
0894,Misty Mustard,#f7ebd1
0895,Rotunda Gold,#f6e0be
0896,Coin Purse,#efd3aa
0897,Bag of Gold,#e1bd88
0898,Goby Desert,#d4aa6f
0899,Bugle Boy,#bb8f4f
0900,Unforgettably Gold,#ae8245
0901,Spinning Wheel,#f6edda
0902,Soleil,#f6deb6
0903,Dainty Flower,#f5d5a4
0904,Sunday Afternoon,#f1d199
0905,Egyptian Gold,#e8c186
0906,Cat's Eye Marble,#d6a75d
0907,Millionaire,#b6843c
0908,God-Given,#faf4e0
0909,Autumn Child,#fbe6c1
0910,Western Sky,#fadca7
0911,Sunset in Italy,#f0c484
0912,Tropical Dream,#e6b771
0913,Angel Food Cake,#d7a14f
0914,Child of the Moon,#c68d37
0915,Queenly Laugh,#f9ecd0
0916,Honey Cream,#fae8ca
0917,Canyon Sand,#f2d6aa
0918,Good-Looking,#edd2a7
0919,Venice Square,#e6c591
0920,Sunrise Heat,#caa061
0921,Waxen Moon,#b38241
0922,Cheesecake,#f7eed7
0923,Tiffany Light,#fde4b4
0924,First Day of School,#fadba0
0925,Jonquil Trail,#f7d395
0926,Perky Yellow,#f2ca83
0927,Lemon Poppy,#e1ae58
0928,Yellow Warning,#c69035
0929,Yellow Bonnet,#f9f6e8
0930,Marshmallow Fluff,#f9f3dd
0931,Lemon Bubble,#fcebbf
0932,Sun Splashed,#fbd795
0933,Sassy Yellow,#f0c374
0934,Lemon Essence,#e2ae4d
0935,Yellow Shout,#d19932
0936,Diantha,#fcf6dc
0937,Egg Nog,#fff4d3
0938,Primrose Path,#ffe3a1
0939,Big Bus Yellow,#ffda8b
0940,Grilled Cheese,#ffc85f
0941,Glowing Lantern,#fbb736
0942,Lemon Dream,#eea300
0943,Picture Perfect,#fbf2d1
0944,Sunrise Glow,#fff0c4
0945,Treasure Seeker,#ffecaf
0946,Hot Spot,#ffe597
0947,Bright Halo,#ffd266
0948,Bright Bubble,#ffc42a
0949,Frenzy,#ffb000
0950,Ivory Coast,#faf5de
0951,Pound Cake,#fdf1c3
0952,Rich Glow,#ffe8a0
0953,Evening Star,#ffd160
0954,Mac N Cheese,#ffbf2b
0955,Lemon Whisper,#ffb10d
0956,I Love To Boogie,#ffa917
0957,Pale Narcissus,#faf5e2
0958,Holy Grail,#feeec9
0959,Essentially Bright,#ffde9f
0960,Bread 'n Butter,#ffd182
0961,Gold's Great Touch,#ffc265
0962,Pieces of Eight,#ffaf38
0963,Zambia,#ff990e
0964,Capetown Cream,#fbebcf
0965,Gold of Midas,#ffeac7
0966,Starburst,#ffdba8
0967,Endearment,#ffd8a1
0968,Mango Madness,#ffb268
0969,Au Gratin,#ff9d45
0970,Orange you Happy?,#fd7f22
0971,May Sun,#faead0
0972,Apple Cider,#feddb8
0973,Atoll Sand,#ffcf9e
0974,Goosebill,#ffba80
0975,Downy Feather,#feaa66
0976,Cocktail Hour,#fd9a52
0977,Cheddar Cheese,#f0843a
0978,City of Diamonds,#fae6cb
0979,Liveliness,#ffdfb9
0980,Southern Breeze,#ffd4a7
0981,Tuscan Wall,#fcc492
0982,Taste of Summer,#f2ae73
0983,Japonica,#e89952
0984,Mexican Spirit,#d68339
0985,Whiskers,#fcf3e5
0986,Mineral Glow,#fce8ce
0987,Tallow,#f7d4ae
0988,Mom's Apple Pie,#eab781
0989,Impulse,#d39553
0990,Butterscotch Glaze,#c48446
0991,Beeswax Candle,#bf7e41
0992,Touch of Topaz,#f7e4d0
0993,Incan Treasure,#f9ddc4
0994,Sparkle Glow,#f5d2b5
0995,Bread Pudding,#eabe97
0996,Spice Cookie,#d89d6b
0997,Gates of Gold,#d2935d
0998,Gold Metal,#b17743
0999,Ivory Tassel,#f8ead8
1000,Flower of Oahu,#f5dec4
1001,Cheddar Corn,#f5d4b5
1002,Tea Cookie,#e1b797
1003,Sweet Sue,#d8aa86
1004,Peace of Mind,#c1875f
1005,Flickering Flame,#aa6e49
1006,Turkscap,#f3d8be
1007,Pastel Peach,#f1caad
1008,Mango Tango,#ecc4a3
1009,Bedtime Story,#e1b090
1010,Peanut Brittle,#cd9470
1011,Semolina,#b6774f
1012,Hampton Beach,#9d603b
1013,Warm Bread,#f9e6d3
1014,Muffin Magic,#f9ddc7
1015,Canter Peach,#f6d3bb
1016,November Leaf,#f1b690
1017,Summer's End,#dc9367
1018,Sunny Horizon,#d0875a
1019,Orange Ballad,#b56d41
1020,Rapture's Light,#f6f3e7
1021,Sweet Buttermilk,#fceedd
1022,Delicate Dawn,#fed9bc
1023,Mellow Glow,#ffcfad
1024,Pumpkin Hue,#f6a379
1025,Heat of Summer,#e98d5b
1026,Casa De Oro,#cf6837
1027,Abstract White,#f8f2e4
1028,Verve,#fcedd8
1029,Pale Blossom,#ffe7ce
1030,Wispy White,#ffc196
1031,Chickadee,#ffa674
1032,Boredom Buster,#ff8e51
1033,Lava Lamp,#eb7135
1034,Autumn Wind,#fbd1b6
1035,Spiced Cider,#f5c5a8
1036,Apricot Spring,#f1b393
1037,Trumpet Flower,#e49977
1038,Jack-O-Lantern,#d37a51
1039,Pretty Parasol,#ac5d3e
1040,Dark Marmalade,#994939
1041,Flowerbed,#ffebda
1042,Peak Season,#ffdfc9
1043,Mom's Love,#ffd4bb
1044,Shooting Star,#ffb79b
1045,Creamy Orange Blush,#fe9c7b
1046,Ballet Cream,#fc8258
1047,Starfish,#f15e34
1048,Pale Shrimp,#fae4db
1049,Salmon Mousse,#fcd1c3
1050,Salmon Beauty,#fbc6b6
1051,Stucco Wall,#f1b19d
1052,Summer Memory,#df856e
1053,Sun's Rage,#a94e37
1054,Carrot Cake,#a34f3f
1055,White Meadow,#f2e7de
1056,Elizabeth Rose,#fadfd2
1057,Pink Satin,#f4c6b4
1058,Pale Terra,#eaaa96
1059,Alexandra Peach,#db9785
1060,First Lady,#c47967
1061,April Love,#8b3d2f
1062,Albino,#fbeee5
1063,Tiny Pink,#ffd6c7
1064,Mystic Tulip,#f9b3a3
1065,Rose Essence,#f29b89
1066,Sari,#e47c64
1067,Sweet Baby Rose,#c24f40
1068,Best of the Bunch,#bd5442
1069,Pink Touch,#fae2d6
1070,Peony Prize,#faddd4
1071,Cloud Number Nine,#f9cec6
1072,Lusty Orange,#efafa7
1073,Graceful Ballerina,#dd897c
1074,It's My Party,#cc7365
1075,Cherry Blink,#ad5344
1076,Baby Blossom,#faefe9
1077,Lady Anne,#fde2de
1078,Aromatic Breeze,#ffcecb
1079,Wildflower Bouquet,#ffb3b1
1080,Cherished One,#fc9293
1081,Endless Possibilities,#e0413a
1082,Tropical Heat,#c2343c
1083,Morning Blush,#f9e8df
1084,Go Go Pink,#fdd8d4
1085,Tint of Rose,#ffcbc9
1086,Nosegay,#faa4a3
1087,Bay Coral,#ec7e7c
1088,Childhood Crush,#e26d68
1089,Chuckles,#bf413a
1090,Tartlet,#fddcd9
1091,All Dressed Up,#f9cdcc
1092,Petals Unfolding,#f3bbc0
1093,Wood Nymph,#eba0a7
1094,Porcelain Rose,#dd8389
1095,Empower,#b54644
1096,The Ego Has Landed,#a75455
1097,Pale Petunia,#f8c0c7
1098,Bubblegum Pink,#f6b0ba
1099,Dimple,#e9808b
1100,Heart to Heart,#d95862
1101,Mullen Pink,#ca4042
1102,Precious Peony,#bd4048
1103,Moonrose,#a53f48
1104,Valerie,#fde6e7
1105,It's A Girl!,#ffdae2
1106,Garden Glory,#ffc1d0
1107,Bunny Fluff,#fb8da6
1108,Pink Explosion,#f56f88
1109,Party Time,#d0252f
1110,Unmatched Beauty,#b12d35
1111,Royal Wedding,#fbe3e3
1112,Wishful Thinking,#fcdadf
1113,Fruitbowl,#fdc9d0
1114,A Lot of Love,#ffbcc5
1115,Dollie,#f590a0
1116,Movie Star,#c52033
1117,Siren,#a22e34
1118,Cotton Candy,#faeeef
1119,Sweet Pea,#fbdde6
1120,Summer Cosmos,#fad1e0
1121,Dahlia Delight,#f8bbd3
1122,Rose Mallow,#f4aac7
1123,Groovy,#de6491
1124,Velvet Cake,#9d253d
1125,Hepatica,#fbe5ea
1126,Seashell Pink,#f7cfda
1127,Pepto,#e8a2b9
1128,Minuette,#d47791
1129,Punky Pink,#b2485b
1130,Obsession,#ab3756
1131,Can Can,#ac3663
1132,Sullivan's Heart,#f7c5d1
1133,Christy's Smile,#f6bbca
1134,Pegeen Peony,#ea9fb4
1135,Glam,#cf748c
1136,Romp,#983d48
1137,Ode to Joy,#9d404a
1138,Romantic Night,#96353a
1139,Tutu,#f8dddf
1140,First Daughter,#f7d2d8
1141,Deco Pink,#f6c2cc
1142,Vintage Victorian,#e59dac
1143,Rambling Rose,#d98899
1144,Temptress,#c05d6b
1145,Romeo O Romeo,#a4233c
1146,Morning Shine,#f8eaed
1147,Columbine,#f5dae3
1148,Persian Delight,#efcada
1149,Parrot Tulip,#eebfd5
1150,Pink Beauty,#dca7c2
1151,Fuscia Fizz,#b56e91
1152,Berry Patch,#84395d
1153,Vienna Dawn,#f7efef
1154,Viola,#f7e3ec
1155,Little Smile,#f8d0e8
1156,Pink Heath,#f2bddf
1157,Blossoms in Spring,#e79acb
1158,Purple Hollyhock,#d96cad
1159,Bridesmaid,#9f2c5c
1160,Petal Poise,#f8e3ee
1161,Nursery Pink,#f4d8e8
1162,Venetian Rose,#efc6e1
1163,Tiara Pink,#daa6cf
1164,Carnation Rose,#ce94c2
1165,Pink Parade,#b26ba2
1166,Noble Honor,#69354f
1167,Dream State,#efdde1
1168,Marvelous Magic,#e1c6d6
1169,Baby Girl,#ddb6cd
1170,Lavender Quartz,#bd88ab
1171,Teen Queen,#a67498
1172,Immortality,#945b7f
1173,Purple Stiletto,#624154
1174,Little Pinky,#f4edec
1175,Taffeta Tint,#f3e0eb
1176,Poodle Pink,#eecee6
1177,Rosy Cheeks,#e7bde0
1178,Rose Souvenir,#c290c5
1179,Moonlight Melody,#af73b0
1180,Berry Light,#673b66
1181,Violet Ash,#f0dce8
1182,Lilacs in Spring,#e9cfe5
1183,Romantic Ballad,#e0bedf
1184,Graceful Garden,#cba9d0
1185,Satin Flower,#b48fbd
1186,Pleasant Dream,#a379aa
1187,Joyous Song,#5b365e
1188,Maiden of the Mist,#efdceb
1189,Little Touch,#e7cfe8
1190,Glittering Gemstone,#dec0e2
1191,Cherish the Moment,#ccacd7
1192,Cut Velvet,#b391c8
1193,Crown Jewels,#946dad
1194,Magenta Red Lips,#62416d
1195,Rosie Posie,#efe4e9
1196,Naughty Marietta,#e3ccdc
1197,Lavender Veil,#d9bbd3
1198,Heather Feather,#c3adc5
1199,Enthroned Above,#ac92b0
1200,Felicia,#917292
1201,Dreamy Heaven,#594158
1202,Daring Deception,#f0dfe0
1203,Etcetera,#e1c6d4
1204,Noteworthy,#d9bacc
1205,Fashionably Plum,#b28ca9
1206,Screen Gem,#9d7798
1207,Orchid Orchestra,#876281
1208,Crowd Pleaser,#5b4459
1209,Princess Irene,#eadbde
1210,French Lavender,#dfc9d1
1211,Lavender Blessing,#d3b8c5
1212,Pansy Posie,#bca3b4
1213,Berry Bright,#a08497
1214,Majestic Plum,#806173
1215,Purple Shadow,#493843
1216,Aimee,#eee5e1
1217,Velvet Blush,#e3d5d8
1218,Odyssey Lilac,#d5c6cc
1219,Desire?,#c4adb8
1220,Play Time,#b39ba9
1221,Charming Violet,#8c7281
1222,Grape Soda,#533d47
1223,Ostrich Tail,#eadfe6
1224,Fragrant Snowbell,#d5c5d4
1225,Velour,#baa7bf
1226,Imagine That,#947c98
1227,Vivid Vision,#5e4b62
1228,Petunia Patty,#4a3c4a
1229,Eleanor Ann,#40373e
1230,Crescent Moon,#efe8e9
1231,Hosta Flower,#eae1e7
1232,Flowers of May,#e3d7e5
1233,Plum Cake,#d1bfdc
1234,Grape's Treasure,#beaecf
1235,Yolanda,#a291ba
1236,Sunset Serenade,#594265
1237,Easter Bunny,#ebe5eb
1238,Fairytale,#e5dbeb
1239,Plum's the Word,#dacee8
1240,Drifting Dream,#ccbbe3
1241,Grape Illusion,#b4a6d5
1242,Gorgeous Hydrangea,#a495cb
1243,When Red Met Blue,#564375
1244,White Bud,#e3e0e8
1245,Perfection,#d9d6e5
1246,Purple Purity,#c9c6df
1247,May Mist,#a19fc8
1248,Velvet Crest,#9291bc
1249,Purple Spire,#746f9d
1250,True Romance,#4d456a
1251,Mountain's Majesty,#d8d0e3
1252,Lavender Bliss,#cec3dd
1253,Petunia Trail,#b8b0cf
1254,Purple Vision,#a29cc8
1255,Purple Haze,#9c96c5
1256,Plum Preserve,#7c70aa
1257,Voldemort,#4d416b
1258,Sweet Flower,#e2e2ea
1259,Eyeshadow,#d9d9ea
1260,Pretty Posie,#bcbde4
1261,Childish Wonder,#a5a8d6
1262,Bailey Bells,#8a8ec9
1263,Medieval,#696db0
1264,Altar of Heaven,#4d4c80
1265,White Shoulders,#f1f0ec
1266,Penelope,#e3e3eb
1267,Casa del Mar,#cacfe6
1268,Spoiled Rotten,#b6bfe5
1269,Mood Mode,#7f90cb
1270,Wind Star,#6875b7
1271,Hot Sauna,#3f3f75
1272,Angel Kiss,#e8e8e5
1273,Wildflower Prairie,#cccfe2
1274,Genevieve,#bcc4e0
1275,High Style,#a8b1d7
1276,Velvet Robe,#939dcc
1277,Regal Azure,#6a76af
1278,Fresh Take,#505b93
1279,He Loves Me,#e1dbe3
1280,Lilac Luster,#d3cddc
1281,Collensia,#bdb7cd
1282,Butterfly Bush,#a2a1b9
1283,Lavender Spectacle,#9392ad
1284,Grapes of Wrath,#65627d
1285,Jazlyn,#464152
1286,Lavender Pizzazz,#e9e2e5
1287,Orchid Fragrance,#c9c1d0
1288,Violet Crush,#b4aec1
1289,Lilac Blossom,#9a93a9
1290,Violet Vibes,#898098
1291,Dancing in the Spring,#7b7289
1292,Plum Perfect,#514555
1293,Violet Pearl,#e1dae4
1294,Lavender Scent,#d9d4df
1295,Gypsy Caravan,#d1c8d7
1296,Violet Beauty,#bab3cb
1297,Royal Proclamation,#aaa0bc
1298,Queen of Sheba,#817699
1299,Soul Train,#58475e
1300,Winged Victory,#ebe4e2
1301,Lavender Bikini,#e5d9da
1302,Heather Hill,#bbb0bb
1303,Cut Heather,#9e909e
1304,Iced Orchid,#8e7d89
1305,Victorian Violet,#7b6a77
1306,Royal Velvet,#513e4d
1307,Clytemnestra,#e8e2e0
1308,Stardust Ballroom,#dacfd4
1309,So Dainty,#cdc0c9
1310,Velvet Dawn,#bdb0bc
1311,Gypsy's Gown,#a698a8
1312,Southern Belle,#7c6d7d
1313,My Place or Yours?,#4f434e
1314,Desired Dawn,#d8d7d9
1315,Calamities,#cecdd2
1316,Savoy,#bebdc6
1317,Buffed Plum,#aeafb9
1318,Dusky Mood,#979ba8
1319,Overlook,#686d7c
1320,Blackwater,#545663
