None,Name,Color Code,Company Name
,Hint of Vanilla,1,Cloverdale
,Elusive White,2,Cloverdale
,Nilla Vanilla,3,Cloverdale
,Child of Heaven,4,Cloverdale
,Kiara,5,Cloverdale
,Little Dove,6,Cloverdale
,Cotton Ball,7,Cloverdale
,Casa Blanca,8,Cloverdale
,Chapel Wall,9,Cloverdale
,Petticoat,10,Cloverdale
,Sugar Dust,11,Cloverdale
,Bunny Cake,12,Cloverdale
,Sphere,13,Cloverdale
,Twill,14,Cloverdale
,White Glove,15,Cloverdale
,Pumice Stone,16,Cloverdale
,Luna Moon,17,Cloverdale
,Dove White,18,Cloverdale
,Mystic Fog,19,Cloverdale
,Bonaire,20,Cloverdale
,Barely White,21,Cloverdale
,White Kitten,22,Cloverdale
,Shell Tint,23,Cloverdale
,Just About White,24,Cloverdale
,Prismatic Pearl,25,Cloverdale
,Moon Drop,26,Cloverdale
,White Fence,27,Cloverdale
,Bannister White,28,Cloverdale
,Cherish is the Word,29,Cloverdale
,Lady Nicole,30,Cloverdale
,Italian Ice,31,Cloverdale
,Ice Dream,32,Cloverdale
,Chafed Wheat,33,Cloverdale
,Here Comes the Sun,34,Cloverdale
,Weekend Retreat,35,Cloverdale
,Fortune's Prize,36,Cloverdale
,Money Tree,37,Cloverdale
,Autumn's Hill,38,Cloverdale
,Mandalay Road,39,Cloverdale
,Antique Candle Light,40,Cloverdale
,Chinese Cherry,41,Cloverdale
,Antoinette Pink,42,Cloverdale
,Angel Breath,43,Cloverdale
,Calliope,44,Cloverdale
,Sizzling Hot,45,Cloverdale
,Valentino,46,Cloverdale
,Sand Island,47,Cloverdale
,Embrace,48,Cloverdale
,Auburn Wave,49,Cloverdale
,Simmering Ridge,50,Cloverdale
,Caramel Candy,51,Cloverdale
,Spiced Carrot,52,Cloverdale
,Remaining Embers,53,Cloverdale
,Wink Pink,54,Cloverdale
,Strawberry Whip,55,Cloverdale
,Dainty Debutante,56,Cloverdale
,Marble Pink,57,Cloverdale
,Angelic Choir,58,Cloverdale
,Quintessential,59,Cloverdale
,Parlor Rose,60,Cloverdale
,Pinkathon,61,Cloverdale
,Blooming Perfect,62,Cloverdale
,Impatient Heart,63,Cloverdale
,Lord Baltimore,64,Cloverdale
,Poppy Prose,65,Cloverdale
,Wild Rose,66,Cloverdale
,Lover's Kiss,67,Cloverdale
,Summer Blush,68,Cloverdale
,Empire Rose,69,Cloverdale
,O Fortuna,70,Cloverdale
,Ruby Eye,71,Cloverdale
,Notice Me,72,Cloverdale
,Corazon,73,Cloverdale
,Emperor's Robe,74,Cloverdale
,Pink Duet,75,Cloverdale
,Fantastic Pink,76,Cloverdale
,Pink Softness,77,Cloverdale
,Be Mine,78,Cloverdale
,Prophetess,79,Cloverdale
,Abra Cadabra,80,Cloverdale
,Berry Crush,81,Cloverdale
,Rose Shadow,82,Cloverdale
,Pink Coral,83,Cloverdale
,Quiet Pink,84,Cloverdale
,Fragrant Satchel,85,Cloverdale
,King's Cloak,86,Cloverdale
,Cinnapink,87,Cloverdale
,Casandra ,88,Cloverdale
,Star of Morning,89,Cloverdale
,Moon Goddess,90,Cloverdale
,Garnet Shadow,91,Cloverdale
,Fresh Day,92,Cloverdale
,Herald of Spring,93,Cloverdale
,Starlet,94,Cloverdale
,Queen's Rose,95,Cloverdale
,Morning Side,96,Cloverdale
,Odyssey Plum,97,Cloverdale
,Lockhart,98,Cloverdale
,Lover's Tryst,99,Cloverdale
,Whimsy,100,Cloverdale
,Fruitful Orchard,101,Cloverdale
,Earthly Pleasure,102,Cloverdale
,Hosanna,103,Cloverdale
,Victorian Cottage,104,Cloverdale
,Harvest Blessing,105,Cloverdale
,Rare Find,106,Cloverdale
,Prosperity,107,Cloverdale
,Exotica,108,Cloverdale
,Kung Fu,109,Cloverdale
,Baby Bunting,110,Cloverdale
,Acadia Bloom,111,Cloverdale
,Lady Flower,112,Cloverdale
,Punch of Pink,113,Cloverdale
,Montrose Rose,114,Cloverdale
,Sophistication,115,Cloverdale
,Cordova Burgundy,116,Cloverdale
,Satin Slipper,117,Cloverdale
,Miniature Posey,118,Cloverdale
,Angela Canyon,119,Cloverdale
,Summer's Eve,120,Cloverdale
,Savanna,121,Cloverdale
,Outrageous,122,Cloverdale
,Monterey Chestnut,123,Cloverdale
,Merlins Beard,124,Cloverdale
,Pout,125,Cloverdale
,Sauterne,126,Cloverdale
,Andes Ash,127,Cloverdale
,Rocky Mountain,128,Cloverdale
,Arrowhead,129,Cloverdale
,Evolution,130,Cloverdale
,Cliffswallow,131,Cloverdale
,Summer Beige,132,Cloverdale
,Natchez,133,Cloverdale
,Baby Sprout,134,Cloverdale
,Emerging Leaf,135,Cloverdale
,Amazon Mist,136,Cloverdale
,Hideaway,137,Cloverdale
,Coconut Macaroon,138,Cloverdale
,Souffl?,139,Cloverdale
,Cozy Cover,140,Cloverdale
,Bush Buck,141,Cloverdale
,Ranch House,142,Cloverdale
,Connoisseur,143,Cloverdale
,Film Noir,144,Cloverdale
,Flax Flower,145,Cloverdale
,Truffles,146,Cloverdale
,Cave Painting,147,Cloverdale
,Oak Plank,148,Cloverdale
,Pavilion Tan,149,Cloverdale
,Temptation,150,Cloverdale
,Coffee Shop,151,Cloverdale
,Flirt,152,Cloverdale
,Take-Out,153,Cloverdale
,Romulus ,154,Cloverdale
,Cowhide,155,Cloverdale
,Skinny Dip,156,Cloverdale
,Dodge Pole,157,Cloverdale
,Mover and Shaker,158,Cloverdale
,Senior Moment,159,Cloverdale
,Kingdom's Keys,160,Cloverdale
,Tiny Calf,161,Cloverdale
,Apple Pie,162,Cloverdale
,Camel Train,163,Cloverdale
,Veldrift,164,Cloverdale
,Cavern Sand,165,Cloverdale
,Pastel Day,166,Cloverdale
,First Date,167,Cloverdale
,Candle Light,168,Cloverdale
,Fossil Tan,169,Cloverdale
,Blonde Shell,170,Cloverdale
,Golden Glove,171,Cloverdale
,Chasm,172,Cloverdale
,Pale Gingersnap,173,Cloverdale
,Maple Pecan,174,Cloverdale
,3am Latte,175,Cloverdale
,Country Dweller,176,Cloverdale
,Weaver's Tool,177,Cloverdale
,Cupcake,178,Cloverdale
,Fall in Season,179,Cloverdale
,Fresh Linen,180,Cloverdale
,Ageless,181,Cloverdale
,Ivory Ridge,182,Cloverdale
,Moth Wing,183,Cloverdale
,Macadamia Brown,184,Cloverdale
,Noble Crown,185,Cloverdale
,Christmas Ornament,186,Cloverdale
,White Lightning ,187,Cloverdale
,Baguette,188,Cloverdale
,Delicate Honeysweet,189,Cloverdale
,Village Crier,190,Cloverdale
,Dusty Path,191,Cloverdale
,Dapper,192,Cloverdale
,Alpha Male,193,Cloverdale
,August Moon,194,Cloverdale
,Mossy Shade,195,Cloverdale
,Overgrown,196,Cloverdale
,Thistle Gray,197,Cloverdale
,Young Colt,198,Cloverdale
,Sandy Shoes,199,Cloverdale
,Stony Field,200,Cloverdale
,Sparkling Champagne,201,Cloverdale
,Powder Cake,202,Cloverdale
,Whale Bone,203,Cloverdale
,Marshy Habitat,204,Cloverdale
,Wood Shadow,205,Cloverdale
,Thatched Cottage,206,Cloverdale
,Ares Shadow,207,Cloverdale
,Umber Style,208,Cloverdale
,Polished,209,Cloverdale
,Hidden Cove,210,Cloverdale
,Light Lichen,211,Cloverdale
,Big Spender,212,Cloverdale
,Coastal Fog,213,Cloverdale
,Wildwood,214,Cloverdale
,Herare White,215,Cloverdale
,Earthling,216,Cloverdale
,Oak Tone,217,Cloverdale
,Drifting Sand,218,Cloverdale
,Camel's Hump,219,Cloverdale
,Monk's Cloth ,220,Cloverdale
,Brown Suede,221,Cloverdale
,Au Natural,222,Cloverdale
,White Elephant,223,Cloverdale
,Pebblebrook,224,Cloverdale
,Roman Ruins,225,Cloverdale
,Sedge,226,Cloverdale
,Moonscape,227,Cloverdale
,Hannover Hills,228,Cloverdale
,Feather Stone,229,Cloverdale
,Harrow Gate,230,Cloverdale
,Desert Mirage,231,Cloverdale
,Frond,232,Cloverdale
,Deep Marsh,233,Cloverdale
,Industrial Strength,234,Cloverdale
,Black Heath,235,Cloverdale
,Sunday Gloves,236,Cloverdale
,Flan,237,Cloverdale
,Crowned One,238,Cloverdale
,Tailored Tan,239,Cloverdale
,Spiced Rum,240,Cloverdale
,Prince Paris,241,Cloverdale
,Rare Happening,242,Cloverdale
,Frozen Custard,243,Cloverdale
,Mulled Cider,244,Cloverdale
,Caramel Cloud,245,Cloverdale
,Cinnamon Toast,246,Cloverdale
,Apple Crisp ,247,Cloverdale
,Safari Sun,248,Cloverdale
,Butterscotch Mousse,249,Cloverdale
,Pumpkin Spice,250,Cloverdale
,Alchemy,251,Cloverdale
,October Bounty,252,Cloverdale
,Honey Glow,253,Cloverdale
,Living Large,254,Cloverdale
,Back to Basics,255,Cloverdale
,Crazy Horse,256,Cloverdale
,Shortbread,257,Cloverdale
,Classic Terra,258,Cloverdale
,Persian Fable,259,Cloverdale
,Cocoa Nib,260,Cloverdale
,Tan Hide,261,Cloverdale
,Log Cabin,262,Cloverdale
,Country Charm,263,Cloverdale
,Palest of Lemon,264,Cloverdale
,Marshmallow Mist,265,Cloverdale
,October Harvest,266,Cloverdale
,Season Finale,267,Cloverdale
,Rich Oak,268,Cloverdale
,Sahara Wind,269,Cloverdale
,Graham Crust,270,Cloverdale
,Clover Honey,271,Cloverdale
,Mineral Water,272,Cloverdale
,Sandstone Palette,273,Cloverdale
,Polished Marble,274,Cloverdale
,Highlight,275,Cloverdale
,Gold Taffeta,276,Cloverdale
,Golden Freesia,277,Cloverdale
,Barberry Sand,278,Cloverdale
,Garden Country,279,Cloverdale
,Wicker Basket,280,Cloverdale
,Olive Gold,281,Cloverdale
,Vintage Gold,282,Cloverdale
,Historic Town,283,Cloverdale
,Queen Lioness,284,Cloverdale
,Eugenia,285,Cloverdale
,Yellow Page,286,Cloverdale
,Muslin Tint,287,Cloverdale
,Golden Buff,288,Cloverdale
,Prairie Sand,289,Cloverdale
,Key Keeper,290,Cloverdale
,Rutherford,291,Cloverdale
,Privileged,292,Cloverdale
,What Inheritance?,293,Cloverdale
,Rub Elbows,294,Cloverdale
,Spanish Cream,295,Cloverdale
,Only Yesterday,296,Cloverdale
,Gold Season,297,Cloverdale
,Brocade,298,Cloverdale
,Allison Lace,299,Cloverdale
,Ivory Parchment,300,Cloverdale
,Corinthian Pillar,301,Cloverdale
,Rich Reward,302,Cloverdale
,Bauhaus Gold,303,Cloverdale
,Gold Tangiers,304,Cloverdale
,Golden Summer,305,Cloverdale
,Saffron Tint,306,Cloverdale
,Putting Bench,307,Cloverdale
,Coconut Crumble,308,Cloverdale
,Palmetto Bluff,309,Cloverdale
,Sassafras,310,Cloverdale
,Life Exotic,311,Cloverdale
,September Gold,312,Cloverdale
,Chic Magnet,313,Cloverdale
,Trade Secret,314,Cloverdale
,Peaceable Kingdom,315,Cloverdale
,Golden Lake,316,Cloverdale
,Green Gold,317,Cloverdale
,There's No Place Like Home,318,Cloverdale
,Herald's Trumpet,319,Cloverdale
,Floating Island,320,Cloverdale
,Hephaestus,321,Cloverdale
,Gabriel's Light,322,Cloverdale
,Star of Gold,323,Cloverdale
,Upon Reflection,324,Cloverdale
,Welcome Home,325,Cloverdale
,Bambino,326,Cloverdale
,Tawny Daylilly,327,Cloverdale
,Land of Trees,328,Cloverdale
,Knit Cardigan,329,Cloverdale
,Castaway Beach,330,Cloverdale
,Refined,331,Cloverdale
,All Nighter,332,Cloverdale
,Grasslands,333,Cloverdale
,Sedona,334,Cloverdale
,Illusive Dream,335,Cloverdale
,Soft Leather,336,Cloverdale
,Urban Charm,337,Cloverdale
,Whipcord,338,Cloverdale
,Ceramic Pot,339,Cloverdale
,Nightfall,340,Cloverdale
,Loch Ness,341,Cloverdale
,Velum Smoke,342,Cloverdale
,Cantera,343,Cloverdale
,Courtyard,344,Cloverdale
,Travertine Path,345,Cloverdale
,Northeast Trail,346,Cloverdale
,Jungle Cover,347,Cloverdale
,Dried Grass,348,Cloverdale
,Reseda,349,Cloverdale
,Helen of Troy,350,Cloverdale
,Mohalla,351,Cloverdale
,Shagbark Olive,352,Cloverdale
,Becker Gold,353,Cloverdale
,Austere,354,Cloverdale
,Twinkle Twinkle,355,Cloverdale
,Moth Mist,356,Cloverdale
,Moss Island,357,Cloverdale
,Silky Green,358,Cloverdale
,Green Sleeves,359,Cloverdale
,Land Before Time,360,Cloverdale
,Georgia on My Mind,361,Cloverdale
,Pale Quartz ,362,Cloverdale
,Mission Hills,363,Cloverdale
,Stone Hearth,364,Cloverdale
,Abbey Stone,365,Cloverdale
,Owlet,366,Cloverdale
,Chocolate Velvet,367,Cloverdale
,Folk Tales,368,Cloverdale
,Saturnia,369,Cloverdale
,Palatine,370,Cloverdale
,Fiorito,371,Cloverdale
,Historic Shade,372,Cloverdale
,Burning Idea,373,Cloverdale
,Candle Wax,374,Cloverdale
,African Queen,375,Cloverdale
,Bleached Meadow,376,Cloverdale
,Montezuma,377,Cloverdale
,Garden Hedge,378,Cloverdale
,Orestes,379,Cloverdale
,Mirrored Willow,380,Cloverdale
,Sonata,381,Cloverdale
,Mount Olive,382,Cloverdale
,Natural Whisper,383,Cloverdale
,Cheese Please,384,Cloverdale
,Howdy Neighbor,385,Cloverdale
,Hippolita,386,Cloverdale
,Goldie Oldie,387,Cloverdale
,Shiny Gold,388,Cloverdale
,Gold Sparkle,389,Cloverdale
,Olive Tint,390,Cloverdale
,Crispa,391,Cloverdale
,Alsot Olive,392,Cloverdale
,Inviting Gesture,393,Cloverdale
,High Chief,394,Cloverdale
,Crack Willow,395,Cloverdale
,Wing Man,396,Cloverdale
,Hidden Paradise ,397,Cloverdale
,Island Embrace,398,Cloverdale
,Sawgrass Cottage,399,Cloverdale
,New Foliage,400,Cloverdale
,Bamboo Forest,401,Cloverdale
,Sabo Garden,402,Cloverdale
,Tropical Twist,403,Cloverdale
,Translucent Vision,404,Cloverdale
,Planet Earth,405,Cloverdale
,Home Body,406,Cloverdale
,Vapor,407,Cloverdale
,Rediscover,408,Cloverdale
,Green Cast,409,Cloverdale
,Old School,410,Cloverdale
,Cyprus Spring,411,Cloverdale
,Sublime,412,Cloverdale
,Speak to Me ,413,Cloverdale
,Plume Grass,414,Cloverdale
,French Pear,415,Cloverdale
,Taffeta Sheen,416,Cloverdale
,Aloe Leaf,417,Cloverdale
,Onion Skin,418,Cloverdale
,Poseidon's Beard,419,Cloverdale
,Dave's Den,420,Cloverdale
,Silverado Ranch,421,Cloverdale
,Everlasting Sage,422,Cloverdale
,Eye of the Storm,423,Cloverdale
,Monogram,424,Cloverdale
,Pale Green Tea,425,Cloverdale
,September Song,426,Cloverdale
,Arbor Vitae,427,Cloverdale
,Lucky Day,428,Cloverdale
,Pendula Garden,429,Cloverdale
,Vegetarian,430,Cloverdale
,Clover Patch,431,Cloverdale
,Sweet Spring,432,Cloverdale
,Grassy Glade,433,Cloverdale
,Lush Meadow,434,Cloverdale
,Big Fish,435,Cloverdale
,Fern Gully,436,Cloverdale
,Bowling Green,437,Cloverdale
,Delicious,438,Cloverdale
,Numero Uno,439,Cloverdale
,Pale Loden,440,Cloverdale
,Slate Stone,441,Cloverdale
,Dowager,442,Cloverdale
,Serpentine,443,Cloverdale
,Grime,444,Cloverdale
,Deep Shadow,445,Cloverdale
,Sealskin Shadow,446,Cloverdale
,Metal Flake,447,Cloverdale
,Ice Flow,448,Cloverdale
,Cannon Ball,449,Cloverdale
,River God,450,Cloverdale
,Evening Dove,451,Cloverdale
,Ruggero Grey,452,Cloverdale
,Feather Fern,453,Cloverdale
,Marble Green,454,Cloverdale
,Favored One,455,Cloverdale
,Fair Maiden,456,Cloverdale
,Heavenly Garden,457,Cloverdale
,Malarca,458,Cloverdale
,Pleasant Hill,459,Cloverdale
,Just a Little,460,Cloverdale
,Calm Breeze,461,Cloverdale
,Resting Place,462,Cloverdale
,Gaelic Garden,463,Cloverdale
,Kathleen's Garden,464,Cloverdale
,Earthen Cheer,465,Cloverdale
,Green Column,466,Cloverdale
,Sweet Ariel,467,Cloverdale
,Mellow Blue,468,Cloverdale
,D?j? Vu,469,Cloverdale
,Dreaming of the Day,470,Cloverdale
,Miracle Bay,471,Cloverdale
,Micropolis,472,Cloverdale
,Atlantic Waves,473,Cloverdale
,Raindance,474,Cloverdale
,Foggy Mist,475,Cloverdale
,Lighthouse View,476,Cloverdale
,Ocean Cruise,477,Cloverdale
,Singing in the Rain,478,Cloverdale
,Stairway to Heaven,479,Cloverdale
,Deep Sea Shadow,480,Cloverdale
,Dream Catcher,481,Cloverdale
,Powdered Pool,482,Cloverdale
,Indulgence,483,Cloverdale
,Stormy Bay,484,Cloverdale
,North Beach Blue,485,Cloverdale
,Paradise City,486,Cloverdale
,Deep Space,487,Cloverdale
,Luna Light,488,Cloverdale
,Whirlwind,489,Cloverdale
,Beacon Fog,490,Cloverdale
,Smoky Day,491,Cloverdale
,Polar Pond,492,Cloverdale
,Spacebox,493,Cloverdale
,Dark River,494,Cloverdale
,Breakwaters,495,Cloverdale
,Cape Hope,496,Cloverdale
,Restful Retreat,497,Cloverdale
,Wonder Land,498,Cloverdale
,Ocean Melody,499,Cloverdale
,Bowman Blue,500,Cloverdale
,Calm Interlude,501,Cloverdale
,Ocean Crest,502,Cloverdale
,Water Droplet,503,Cloverdale
,Indian Tears,504,Cloverdale
,In Good Taste,505,Cloverdale
,Ocean Storms,506,Cloverdale
,Deep Lagoon,507,Cloverdale
,Midnight Magic ,508,Cloverdale
,Beryl Pearl,509,Cloverdale
,Sacred Spring ,510,Cloverdale
,Cystern,511,Cloverdale
,Overcast Day,512,Cloverdale
,Backwater,513,Cloverdale
,Thunderstorm,514,Cloverdale
,Silent Sea,515,Cloverdale
,Diamond Stud,516,Cloverdale
,Cool Elegance,517,Cloverdale
,Let It Rain,518,Cloverdale
,Baby Seal,519,Cloverdale
,Slate Tint,520,Cloverdale
,Dolphin Dream,521,Cloverdale
,Octavius,522,Cloverdale
,Felicity,523,Cloverdale
,Nomadic Travels,524,Cloverdale
,Marseilles,525,Cloverdale
,Metropolis Mood,526,Cloverdale
,London Road,527,Cloverdale
,Greybeard,528,Cloverdale
,Black Licorice,529,Cloverdale
,Metro,530,Cloverdale
,Snowglory,531,Cloverdale
,Rand Moon,532,Cloverdale
,Techile,533,Cloverdale
,Subtle Shadow,534,Cloverdale
,Zen Retreat,535,Cloverdale
,Subway,536,Cloverdale
,Dove's Wing,537,Cloverdale
,Santo,538,Cloverdale
,Place of Dust,539,Cloverdale
,Praise Giving,540,Cloverdale
,Smoky Tone,541,Cloverdale
,Captain Nemo,542,Cloverdale
,November Storms,543,Cloverdale
,Venetian Wall,544,Cloverdale
,Old Grey Mare,545,Cloverdale
,Paternoster,546,Cloverdale
,Tin Man,547,Cloverdale
,Jet Gray,548,Cloverdale
,Emu,549,Cloverdale
,Gargoyle,550,Cloverdale
,Orchid Shadow,551,Cloverdale
,North Island,552,Cloverdale
,Smoky Wings,553,Cloverdale
,Sparrow,554,Cloverdale
,Ocean Frigate,555,Cloverdale
,Smokescreen,556,Cloverdale
,Evermore,557,Cloverdale
,Queen Anne's Lace,558,Cloverdale
,Always Neutral,559,Cloverdale
,Awakening,560,Cloverdale
,Indian Hills,561,Cloverdale
,Sultry Castle,562,Cloverdale
,Vigilant,563,Cloverdale
,Bad Hair Day,564,Cloverdale
,Eskimo Boot,565,Cloverdale
,Sheepskin,566,Cloverdale
,Hearthstone,567,Cloverdale
,Cloudy Today,568,Cloverdale
,Fireplace Mantel,569,Cloverdale
,Grey Locks,570,Cloverdale
,Terra Pin,571,Cloverdale
,Power Lunch,572,Cloverdale
,Chintz,573,Cloverdale
,Shark Fin,574,Cloverdale
,Greystoke,575,Cloverdale
,Stormy Weather,576,Cloverdale
,King Fischer,577,Cloverdale
,Philosophically Speaking,578,Cloverdale
,Turkish Tower,579,Cloverdale
,Rippled Rock,580,Cloverdale
,Fossilized,581,Cloverdale
,Paved Path,582,Cloverdale
,Billowing Smoke,583,Cloverdale
,Tornado Wind,584,Cloverdale
,Oyster Catch,585,Cloverdale
,Wind Blown,586,Cloverdale
,Atmospheric Pressure,587,Cloverdale
,Babbling Creek,588,Cloverdale
,Celestial Horizon,589,Cloverdale
,Madonna Blue,590,Cloverdale
,Blue Jacket,591,Cloverdale
,Quiet Peace,592,Cloverdale
,Surf's Surprise,593,Cloverdale
,Simply Sparkling,594,Cloverdale
,Sail into the Horizon,595,Cloverdale
,Lazy Day,596,Cloverdale
,Himalaya Sky,597,Cloverdale
,Caribbean Current,598,Cloverdale
,Florida Waters,599,Cloverdale
,Melting Glacier,600,Cloverdale
,Cool Sky,601,Cloverdale
,Fluid Blue,602,Cloverdale
,Angela Bay,603,Cloverdale
,Blue Skies Today,604,Cloverdale
,Capri Isle,605,Cloverdale
,Frozen Blue,606,Cloverdale
,Brush Blue,607,Cloverdale
,Modern Blue,608,Cloverdale
,Innuendo,609,Cloverdale
,Blue Parlor,610,Cloverdale
,Bashful Blue,611,Cloverdale
,Parkwater,612,Cloverdale
,Blue Highlight,613,Cloverdale
,Simple Serenity,614,Cloverdale
,Blue Bayou,615,Cloverdale
,Bluette,616,Cloverdale
,John's Blue,617,Cloverdale
,Heavenly Sky,618,Cloverdale
,Honky Tonk Blue,619,Cloverdale
,Star-Studded,620,Cloverdale
,Nuance,621,Cloverdale
,Serene Setting,622,Cloverdale
,Pompeii Ruins,623,Cloverdale
,Blue Pot,624,Cloverdale
,North Sea,625,Cloverdale
,Blue Depths,626,Cloverdale
,Into the Stratosphere,627,Cloverdale
,Illuminating Experience,628,Cloverdale
,Polished Cotton,629,Cloverdale
,Star Mist,630,Cloverdale
,Chicago Skyline,631,Cloverdale
,Breath-Taking View,632,Cloverdale
,Cape Cod Bay,633,Cloverdale
,Day Spa,634,Cloverdale
,Aquafir,635,Cloverdale
,Empress Lila,636,Cloverdale
,Marzena Dream,637,Cloverdale
,Watery Sea,638,Cloverdale
,Acapulco Dive,639,Cloverdale
,Skylla,640,Cloverdale
,Dancing Sea,641,Cloverdale
,Sea Foam Mist,642,Cloverdale
,Abstract Idea,643,Cloverdale
,Dancing in the Rain,644,Cloverdale
,Calm Tint,645,Cloverdale
,Key West Zenith,646,Cloverdale
,Zenith,647,Cloverdale
,Happy Tune,648,Cloverdale
,Divine Inspiration,649,Cloverdale
,Bridgewater Bay,650,Cloverdale
,Soft Blue,651,Cloverdale
,Mountain Main,652,Cloverdale
,Sea of Atlantis,653,Cloverdale
,Peninsula,654,Cloverdale
,Queen of the Night,655,Cloverdale
,Roman White,656,Cloverdale
,Kyoto,657,Cloverdale
,Orleans Tune,658,Cloverdale
,Lasting Thoughts,659,Cloverdale
,Epimethius,660,Cloverdale
,Charybdis,661,Cloverdale
,Ocean Spray,662,Cloverdale
,Falling Tears,663,Cloverdale
,Zircon Ice,664,Cloverdale
,Monet Magic,665,Cloverdale
,Trisha's Eyes,666,Cloverdale
,Blessed Blue,667,Cloverdale
,Wish Upon a Star,668,Cloverdale
,Frozen Stream,669,Cloverdale
,Drifting Tide,670,Cloverdale
,Egg Blue,671,Cloverdale
,Quiet Pond,672,Cloverdale
,Enchanted Evening,673,Cloverdale
,Sarah's Garden,674,Cloverdale
,Blue Bliss,675,Cloverdale
,Job's Tears,676,Cloverdale
,Eastern Wind,677,Cloverdale
,Luxor Blue,678,Cloverdale
,Everest,679,Cloverdale
,Andes Sky,680,Cloverdale
,Cyan Sky,681,Cloverdale
,Pleasant Stream,682,Cloverdale
,Joyful Tears,683,Cloverdale
,Snow Drift,684,Cloverdale
,Dillard's Blue,685,Cloverdale
,Outerspace,686,Cloverdale
,Stillwater,687,Cloverdale
,Cold North,688,Cloverdale
,Atmosphere,689,Cloverdale
,Blue Period,690,Cloverdale
,Paradise,691,Cloverdale
,Barely Aqua,692,Cloverdale
,Island Breeze,693,Cloverdale
,Turkish Teal,694,Cloverdale
,Indian Necklace,695,Cloverdale
,Meringue,696,Cloverdale
,Arizona Stone,697,Cloverdale
,Calm Thoughts,698,Cloverdale
,Lickety Split,699,Cloverdale
,Uninhibited,700,Cloverdale
,Plunge,701,Cloverdale
,Peg's Promise,702,Cloverdale
,Mountain Meadow,703,Cloverdale
,Plateau,704,Cloverdale
,Bay Green,705,Cloverdale
,Filtered Forest,706,Cloverdale
,Shimmering Glade,707,Cloverdale
,Catarina Green,708,Cloverdale
,Calmness,709,Cloverdale
,On the Nile,710,Cloverdale
,Cute Pixie,711,Cloverdale
,Teal Treat,712,Cloverdale
,Mediterranean Mist,713,Cloverdale
,Turquoise Tower,714,Cloverdale
,Aquamarine Ocean,715,Cloverdale
,Blue Green Scene,716,Cloverdale
,Tropical Tale,717,Cloverdale
,Aquadazzle,718,Cloverdale
,Mint Grasshopper,719,Cloverdale
,Silky Mint,720,Cloverdale
,Leaves of Spring,721,Cloverdale
,Liliana,722,Cloverdale
,Goddess Green,723,Cloverdale
,Wildness Mint,724,Cloverdale
,Melbourne,725,Cloverdale
,Hidden Jade,726,Cloverdale
,Graceful Mint,727,Cloverdale
,Celtic Spring,728,Cloverdale
,Garden Goddess,729,Cloverdale
,Lucerne,730,Cloverdale
,Aqueous ,731,Cloverdale
,Tingle,732,Cloverdale
,Leaf Print,733,Cloverdale
,Vineyard Green,734,Cloverdale
,Cool Spring,735,Cloverdale
,Mini Green,736,Cloverdale
,Buenos Aires,737,Cloverdale
,Spring Forest,738,Cloverdale
,Jungle Adventure,739,Cloverdale
,Just About Green,740,Cloverdale
,Turning Leaf,741,Cloverdale
,Isle of Dreams,742,Cloverdale
,Belladonna's Leaf,743,Cloverdale
,Hidden Glade,744,Cloverdale
,Chic Shade,745,Cloverdale
,Mother Nature,746,Cloverdale
,Whitewash,747,Cloverdale
,Balance,748,Cloverdale
,Perspective,749,Cloverdale
,Wispy Mint,750,Cloverdale
,Green Glass,751,Cloverdale
,Cactus Valley,752,Cloverdale
,Baby Vegetable,753,Cloverdale
,Colleen Green,754,Cloverdale
,Creamy Mint,755,Cloverdale
,Meadow Grass,756,Cloverdale
,Garland Pine,757,Cloverdale
,Glendale,758,Cloverdale
,Perennial Garden,759,Cloverdale
,Green Knoll,760,Cloverdale
,Maison Verte,761,Cloverdale
,Green Song,762,Cloverdale
,Graceful Flower,763,Cloverdale
,Green Sheen,764,Cloverdale
,Sweetness,765,Cloverdale
,Gentle Caress,766,Cloverdale
,Golf Day,767,Cloverdale
,Restful Rain,768,Cloverdale
,Earth Happiness,769,Cloverdale
,Woodland Nymph,770,Cloverdale
,Green Lime,771,Cloverdale
,Wonder Woods,772,Cloverdale
,Glass Bottle,773,Cloverdale
,Green Gone Wild,774,Cloverdale
,Elfin Magic,775,Cloverdale
,Green Mist,776,Cloverdale
,Envy,777,Cloverdale
,Vacation Island,778,Cloverdale
,Frog Green,779,Cloverdale
,Hyper,780,Cloverdale
,Science Experiment,781,Cloverdale
,Tender Shoot,782,Cloverdale
,Clean Air,783,Cloverdale
,Fresh Start,784,Cloverdale
,Misty Valley ,785,Cloverdale
,Peter Pan,786,Cloverdale
,Totally Cool,787,Cloverdale
,Green Glow,788,Cloverdale
,Garden Seat,789,Cloverdale
,Forest Found,790,Cloverdale
,Origin,791,Cloverdale
,Footie Pajamas,792,Cloverdale
,Motherland,793,Cloverdale
,The Goods,794,Cloverdale
,Martina Olive,795,Cloverdale
,Spotlight,796,Cloverdale
,Bermuda Son,797,Cloverdale
,Lemon Appeal,798,Cloverdale
,Fire Dance,799,Cloverdale
,Yellow Umbrella,800,Cloverdale
,Rain Slicker,801,Cloverdale
,Rain Boots,802,Cloverdale
,Perky Tint,803,Cloverdale
,Sweetie Pie,804,Cloverdale
,Mella Yella,805,Cloverdale
,Sweet Angelica,806,Cloverdale
,Bright Idea,807,Cloverdale
,Yellow Lupine,808,Cloverdale
,Hair Ribbon,809,Cloverdale
,Annabel,810,Cloverdale
,Martica,811,Cloverdale
,Gold Strand,812,Cloverdale
,Glistening,813,Cloverdale
,Golden Glow,814,Cloverdale
,Lemon Surprise,815,Cloverdale
,Sin City,816,Cloverdale
,Best of Summer,817,Cloverdale
,Day at the Zoo,818,Cloverdale
,Lemon Tint,819,Cloverdale
,Sign of the Crown,820,Cloverdale
,Sun Touched,821,Cloverdale
,Sunny Mood,822,Cloverdale
,Sun Drops,823,Cloverdale
,Hush,824,Cloverdale
,Frozen Banana,825,Cloverdale
,Banana Custard,826,Cloverdale
,Ray of Light,827,Cloverdale
,Go Go Glow,828,Cloverdale
,Dandy Lion,829,Cloverdale
,Warm Fuzzies,830,Cloverdale
,Lavish Lemon,831,Cloverdale
,Lemon Sponge Cake,832,Cloverdale
,Scene Stealer,833,Cloverdale
,Lemon Drizzle,834,Cloverdale
,Glitter Yellow,835,Cloverdale
,Basket of Gold,836,Cloverdale
,Fresh Scent,837,Cloverdale
,Fresh Cream,838,Cloverdale
,Butterball,839,Cloverdale
,Lemon Zest,840,Cloverdale
,Sun's Glory,841,Cloverdale
,Sunnyside,842,Cloverdale
,Buttered Popcorn,843,Cloverdale
,Yolk,844,Cloverdale
,Lemon Stick,845,Cloverdale
,Pure Laughter,846,Cloverdale
,Yellow Blitz,847,Cloverdale
,Yellow Tail,848,Cloverdale
,Lemon Peel,849,Cloverdale
,Citron,850,Cloverdale
,Happy Face,851,Cloverdale
,Touch of Sun,852,Cloverdale
,Lemon Lilly,853,Cloverdale
,Crocus Tint,854,Cloverdale
,Butter Tart,855,Cloverdale
,Broadway Lights,856,Cloverdale
,Peeps,857,Cloverdale
,Look at the Bright Side,858,Cloverdale
,Daylilly Yellow,859,Cloverdale
,Hawaiian Cream,860,Cloverdale
,Lemon Filling,861,Cloverdale
,Yellow Trumpet,862,Cloverdale
,I'm a Local,863,Cloverdale
,Lioness,864,Cloverdale
,Lemon Bar,865,Cloverdale
,Apple Sauce,866,Cloverdale
,Egg Noodle,867,Cloverdale
,Shortcake,868,Cloverdale
,Frozen Fruit,869,Cloverdale
,Lemon Slice,870,Cloverdale
,Gold Finch,871,Cloverdale
,Saffron Valley,872,Cloverdale
,Washed in Light,873,Cloverdale
,Kettle Corn,874,Cloverdale
,Nothing Less,875,Cloverdale
,Corn Chowder,876,Cloverdale
,Gold Digger,877,Cloverdale
,Glorious Gold,878,Cloverdale
,Golden Cadillac,879,Cloverdale
,Cauliflower Cream,880,Cloverdale
,Golden Syrup,881,Cloverdale
,Marzipan,882,Cloverdale
,Follow the Leader,883,Cloverdale
,Gold Tweed,884,Cloverdale
,Jungle Expedition,885,Cloverdale
,Gold Estate,886,Cloverdale
,Haystack,887,Cloverdale
,Golden Weave,888,Cloverdale
,Russeau Gold,889,Cloverdale
,Dubloon,890,Cloverdale
,Silence is Golden,891,Cloverdale
,Gold Ransom,892,Cloverdale
,Rich and Rare,893,Cloverdale
,Misty Mustard,894,Cloverdale
,Rotunda Gold,895,Cloverdale
,Coin Purse,896,Cloverdale
,Bag of Gold,897,Cloverdale
,Goby Desert,898,Cloverdale
,Bugle Boy,899,Cloverdale
,Unforgettably Gold,900,Cloverdale
,Spinning Wheel,901,Cloverdale
,Soleil,902,Cloverdale
,Dainty Flower,903,Cloverdale
,Sunday Afternoon,904,Cloverdale
,Egyptian Gold,905,Cloverdale
,Cat's Eye Marble,906,Cloverdale
,Millionaire,907,Cloverdale
,God-Given,908,Cloverdale
,Autumn Child,909,Cloverdale
,Western Sky,910,Cloverdale
,Sunset in Italy,911,Cloverdale
,Tropical Dream,912,Cloverdale
,Angel Food Cake,913,Cloverdale
,Child of the Moon,914,Cloverdale
,Queenly Laugh,915,Cloverdale
,Honey Cream,916,Cloverdale
,Canyon Sand,917,Cloverdale
,Good-Looking,918,Cloverdale
,Venice Square,919,Cloverdale
,Sunrise Heat,920,Cloverdale
,Waxen Moon,921,Cloverdale
,Cheesecake,922,Cloverdale
,Tiffany Light,923,Cloverdale
,First Day of School,924,Cloverdale
,Jonquil Trail,925,Cloverdale
,Perky Yellow,926,Cloverdale
,Lemon Poppy,927,Cloverdale
,Yellow Warning,928,Cloverdale
,Yellow Bonnet,929,Cloverdale
,Marshmallow Fluff,930,Cloverdale
,Lemon Bubble,931,Cloverdale
,Sun Splashed,932,Cloverdale
,Sassy Yellow,933,Cloverdale
,Lemon Essence,934,Cloverdale
,Yellow Shout,935,Cloverdale
,Diantha,936,Cloverdale
,Egg Nog,937,Cloverdale
,Primrose Path,938,Cloverdale
,Big Bus Yellow,939,Cloverdale
,Grilled Cheese,940,Cloverdale
,Glowing Lantern,941,Cloverdale
,Lemon Dream,942,Cloverdale
,Picture Perfect,943,Cloverdale
,Sunrise Glow,944,Cloverdale
,Treasure Seeker,945,Cloverdale
,Hot Spot,946,Cloverdale
,Bright Halo,947,Cloverdale
,Bright Bubble,948,Cloverdale
,Frenzy,949,Cloverdale
,Ivory Coast,950,Cloverdale
,Pound Cake,951,Cloverdale
,Rich Glow,952,Cloverdale
,Evening Star,953,Cloverdale
,Mac N Cheese,954,Cloverdale
,Lemon Whisper,955,Cloverdale
,I Love To Boogie,956,Cloverdale
,Pale Narcissus,957,Cloverdale
,Holy Grail,958,Cloverdale
,Essentially Bright,959,Cloverdale
,Bread 'n Butter,960,Cloverdale
,Gold's Great Touch,961,Cloverdale
,Pieces of Eight,962,Cloverdale
,Zambia,963,Cloverdale
,Capetown Cream,964,Cloverdale
,Gold of Midas,965,Cloverdale
,Starburst,966,Cloverdale
,Endearment,967,Cloverdale
,Mango Madness,968,Cloverdale
,Au Gratin,969,Cloverdale
,Orange you Happy?,970,Cloverdale
,May Sun,971,Cloverdale
,Apple Cider,972,Cloverdale
,Atoll Sand,973,Cloverdale
,Goosebill,974,Cloverdale
,Downy Feather,975,Cloverdale
,Cocktail Hour,976,Cloverdale
,Cheddar Cheese,977,Cloverdale
,City of Diamonds,978,Cloverdale
,Liveliness,979,Cloverdale
,Southern Breeze,980,Cloverdale
,Tuscan Wall,981,Cloverdale
,Taste of Summer,982,Cloverdale
,Japonica,983,Cloverdale
,Mexican Spirit,984,Cloverdale
,Whiskers,985,Cloverdale
,Mineral Glow,986,Cloverdale
,Tallow,987,Cloverdale
,Mom's Apple Pie,988,Cloverdale
,Impulse,989,Cloverdale
,Butterscotch Glaze,990,Cloverdale
,Beeswax Candle,991,Cloverdale
,Touch of Topaz,992,Cloverdale
,Incan Treasure,993,Cloverdale
,Sparkle Glow,994,Cloverdale
,Bread Pudding,995,Cloverdale
,Spice Cookie,996,Cloverdale
,Gates of Gold,997,Cloverdale
,Gold Metal,998,Cloverdale
,Ivory Tassel,999,Cloverdale
,Flower of Oahu,1000,Cloverdale
,Cheddar Corn,1001,Cloverdale
,Tea Cookie,1002,Cloverdale
,Sweet Sue,1003,Cloverdale
,Peace of Mind,1004,Cloverdale
,Flickering Flame,1005,Cloverdale
,Turkscap,1006,Cloverdale
,Pastel Peach,1007,Cloverdale
,Mango Tango,1008,Cloverdale
,Bedtime Story,1009,Cloverdale
,Peanut Brittle,1010,Cloverdale
,Semolina,1011,Cloverdale
,Hampton Beach,1012,Cloverdale
,Warm Bread,1013,Cloverdale
,Muffin Magic,1014,Cloverdale
,Canter Peach,1015,Cloverdale
,November Leaf,1016,Cloverdale
,Summer's End,1017,Cloverdale
,Sunny Horizon,1018,Cloverdale
,Orange Ballad,1019,Cloverdale
,Rapture's Light,1020,Cloverdale
,Sweet Buttermilk,1021,Cloverdale
,Delicate Dawn,1022,Cloverdale
,Mellow Glow,1023,Cloverdale
,Pumpkin Hue,1024,Cloverdale
,Heat of Summer,1025,Cloverdale
,Casa De Oro,1026,Cloverdale
,Abstract White,1027,Cloverdale
,Verve,1028,Cloverdale
,Pale Blossom,1029,Cloverdale
,Wispy White,1030,Cloverdale
,Chickadee,1031,Cloverdale
,Boredom Buster,1032,Cloverdale
,Lava Lamp,1033,Cloverdale
,Autumn Wind,1034,Cloverdale
,Spiced Cider,1035,Cloverdale
,Apricot Spring,1036,Cloverdale
,Trumpet Flower,1037,Cloverdale
,Jack-O-Lantern,1038,Cloverdale
,Pretty Parasol,1039,Cloverdale
,Dark Marmalade,1040,Cloverdale
,Flowerbed,1041,Cloverdale
,Peak Season,1042,Cloverdale
,Mom's Love,1043,Cloverdale
,Shooting Star,1044,Cloverdale
,Creamy Orange Blush,1045,Cloverdale
,Ballet Cream,1046,Cloverdale
,Starfish,1047,Cloverdale
,Pale Shrimp,1048,Cloverdale
,Salmon Mousse,1049,Cloverdale
,Salmon Beauty,1050,Cloverdale
,Stucco Wall,1051,Cloverdale
,Summer Memory,1052,Cloverdale
,Sun's Rage,1053,Cloverdale
,Carrot Cake,1054,Cloverdale
,White Meadow,1055,Cloverdale
,Elizabeth Rose,1056,Cloverdale
,Pink Satin,1057,Cloverdale
,Pale Terra,1058,Cloverdale
,Alexandra Peach,1059,Cloverdale
,First Lady,1060,Cloverdale
,April Love,1061,Cloverdale
,Albino,1062,Cloverdale
,Tiny Pink,1063,Cloverdale
,Mystic Tulip,1064,Cloverdale
,Rose Essence,1065,Cloverdale
,Sari,1066,Cloverdale
,Sweet Baby Rose,1067,Cloverdale
,Best of the Bunch,1068,Cloverdale
,Pink Touch,1069,Cloverdale
,Peony Prize,1070,Cloverdale
,Cloud Number Nine,1071,Cloverdale
,Lusty Orange,1072,Cloverdale
,Graceful Ballerina,1073,Cloverdale
,It's My Party,1074,Cloverdale
,Cherry Blink,1075,Cloverdale
,Baby Blossom,1076,Cloverdale
,Lady Anne,1077,Cloverdale
,Aromatic Breeze,1078,Cloverdale
,Wildflower Bouquet,1079,Cloverdale
,Cherished One,1080,Cloverdale
,Endless Possibilities,1081,Cloverdale
,Tropical Heat,1082,Cloverdale
,Morning Blush,1083,Cloverdale
,Go Go Pink,1084,Cloverdale
,Tint of Rose,1085,Cloverdale
,Nosegay,1086,Cloverdale
,Bay Coral,1087,Cloverdale
,Childhood Crush,1088,Cloverdale
,Chuckles,1089,Cloverdale
,Tartlet ,1090,Cloverdale
,All Dressed Up,1091,Cloverdale
,Petals Unfolding,1092,Cloverdale
,Wood Nymph,1093,Cloverdale
,Porcelain Rose,1094,Cloverdale
,Empower,1095,Cloverdale
,The Ego Has Landed,1096,Cloverdale
,Pale Petunia,1097,Cloverdale
,Bubblegum Pink,1098,Cloverdale
,Dimple,1099,Cloverdale
,Heart to Heart,1100,Cloverdale
,Mullen Pink,1101,Cloverdale
,Precious Peony,1102,Cloverdale
,Moonrose,1103,Cloverdale
,Valerie,1104,Cloverdale
,It's A Girl!,1105,Cloverdale
,Garden Glory,1106,Cloverdale
,Bunny Fluff,1107,Cloverdale
,Pink Explosion,1108,Cloverdale
,Party Time,1109,Cloverdale
,Unmatched Beauty,1110,Cloverdale
,Royal Wedding ,1111,Cloverdale
,Wishful Thinking,1112,Cloverdale
,Fruitbowl,1113,Cloverdale
,A Lot of Love,1114,Cloverdale
,Dollie,1115,Cloverdale
,Movie Star,1116,Cloverdale
,Siren,1117,Cloverdale
,Cotton Candy,1118,Cloverdale
,Sweet Pea,1119,Cloverdale
,Summer Cosmos,1120,Cloverdale
,Dahlia Delight,1121,Cloverdale
,Rose Mallow,1122,Cloverdale
,Groovy,1123,Cloverdale
,Velvet Cake,1124,Cloverdale
,Hepatica,1125,Cloverdale
,Seashell Pink,1126,Cloverdale
,Pepto,1127,Cloverdale
,Minuette,1128,Cloverdale
,Punky Pink,1129,Cloverdale
,Obsession,1130,Cloverdale
,Can Can,1131,Cloverdale
,Sullivan's Heart,1132,Cloverdale
,Christy's Smile,1133,Cloverdale
,Pegeen Peony,1134,Cloverdale
,Glam,1135,Cloverdale
,Romp,1136,Cloverdale
,Ode to Joy,1137,Cloverdale
,Romantic Night,1138,Cloverdale
,Tutu,1139,Cloverdale
,First Daughter,1140,Cloverdale
,Deco Pink,1141,Cloverdale
,Vintage Victorian,1142,Cloverdale
,Rambling Rose,1143,Cloverdale
,Temptress,1144,Cloverdale
,Romeo O Romeo,1145,Cloverdale
,Morning Shine,1146,Cloverdale
,Columbine,1147,Cloverdale
,Persian Delight,1148,Cloverdale
,Parrot Tulip,1149,Cloverdale
,Pink Beauty,1150,Cloverdale
,Fuscia Fizz,1151,Cloverdale
,Berry Patch,1152,Cloverdale
,Vienna Dawn,1153,Cloverdale
,Viola,1154,Cloverdale
,Little Smile,1155,Cloverdale
,Pink Heath,1156,Cloverdale
,Blossoms in Spring,1157,Cloverdale
,Purple Hollyhock,1158,Cloverdale
,Bridesmaid,1159,Cloverdale
,Petal Poise,1160,Cloverdale
,Nursery Pink,1161,Cloverdale
,Venetian Rose,1162,Cloverdale
,Tiara Pink,1163,Cloverdale
,Carnation Rose,1164,Cloverdale
,Pink Parade,1165,Cloverdale
,Noble Honor,1166,Cloverdale
,Dream State,1167,Cloverdale
,Marvelous Magic,1168,Cloverdale
,Baby Girl,1169,Cloverdale
,Lavender Quartz,1170,Cloverdale
,Teen Queen,1171,Cloverdale
,Immortality,1172,Cloverdale
,Purple Stiletto,1173,Cloverdale
,Little Pinky,1174,Cloverdale
,Taffeta Tint,1175,Cloverdale
,Poodle Pink,1176,Cloverdale
,Rosy Cheeks,1177,Cloverdale
,Rose Souvenir,1178,Cloverdale
,Moonlight Melody,1179,Cloverdale
,Berry Light,1180,Cloverdale
,Violet Ash,1181,Cloverdale
,Lilacs in Spring,1182,Cloverdale
,Romantic Ballad,1183,Cloverdale
,Graceful Garden,1184,Cloverdale
,Satin Flower,1185,Cloverdale
,Pleasant Dream,1186,Cloverdale
,Joyous Song,1187,Cloverdale
,Maiden of the Mist,1188,Cloverdale
,Little Touch ,1189,Cloverdale
,Glittering Gemstone,1190,Cloverdale
,Cherish the Moment,1191,Cloverdale
,Cut Velvet,1192,Cloverdale
,Crown Jewels,1193,Cloverdale
,Magenta Red Lips,1194,Cloverdale
,Rosie Posie,1195,Cloverdale
,Naughty Marietta,1196,Cloverdale
,Lavender Veil,1197,Cloverdale
,Heather Feather,1198,Cloverdale
,Enthroned Above,1199,Cloverdale
,Felicia,1200,Cloverdale
,Dreamy Heaven,1201,Cloverdale
,Daring Deception,1202,Cloverdale
,Etcetera,1203,Cloverdale
,Noteworthy,1204,Cloverdale
,Fashionably Plum ,1205,Cloverdale
,Screen Gem,1206,Cloverdale
,Orchid Orchestra,1207,Cloverdale
,Crowd Pleaser,1208,Cloverdale
,Princess Irene,1209,Cloverdale
,French Lavender,1210,Cloverdale
,Lavender Blessing,1211,Cloverdale
,Pansy Posie,1212,Cloverdale
,Berry Bright,1213,Cloverdale
,Majestic Plum,1214,Cloverdale
,Purple Shadow,1215,Cloverdale
,Aimee,1216,Cloverdale
,Velvet Blush,1217,Cloverdale
,Odyssey Lilac,1218,Cloverdale
,Desire?,1219,Cloverdale
,Play Time,1220,Cloverdale
,Charming Violet,1221,Cloverdale
,Grape Soda,1222,Cloverdale
,Ostrich Tail,1223,Cloverdale
,Fragrant Snowbell,1224,Cloverdale
,Velour,1225,Cloverdale
,Imagine That,1226,Cloverdale
,Vivid Vision,1227,Cloverdale
,Petunia Patty,1228,Cloverdale
,Eleanor Ann,1229,Cloverdale
,Crescent Moon,1230,Cloverdale
,Hosta Flower,1231,Cloverdale
,Flowers of May,1232,Cloverdale
,Plum Cake,1233,Cloverdale
,Grape's Treasure,1234,Cloverdale
,Yolanda,1235,Cloverdale
,Sunset Serenade,1236,Cloverdale
,Easter Bunny,1237,Cloverdale
,Fairytale,1238,Cloverdale
,Plum's the Word,1239,Cloverdale
,Drifting Dream,1240,Cloverdale
,Grape Illusion,1241,Cloverdale
,Gorgeous Hydrangea,1242,Cloverdale
,When Red Met Blue,1243,Cloverdale
,White Bud,1244,Cloverdale
,Perfection,1245,Cloverdale
,Purple Purity,1246,Cloverdale
,May Mist,1247,Cloverdale
,Velvet Crest,1248,Cloverdale
,Purple Spire,1249,Cloverdale
,True Romance,1250,Cloverdale
,Mountain's Majesty,1251,Cloverdale
,Lavender Bliss,1252,Cloverdale
,Petunia Trail,1253,Cloverdale
,Purple Vision,1254,Cloverdale
,Purple Haze,1255,Cloverdale
,Plum Preserve,1256,Cloverdale
,Voldemort,1257,Cloverdale
,Sweet Flower,1258,Cloverdale
,Eyeshadow,1259,Cloverdale
,Pretty Posie,1260,Cloverdale
,Childish Wonder,1261,Cloverdale
,Bailey Bells,1262,Cloverdale
,Medieval,1263,Cloverdale
,Altar of Heaven,1264,Cloverdale
,White Shoulders,1265,Cloverdale
,Penelope,1266,Cloverdale
,Casa del Mar,1267,Cloverdale
,Spoiled Rotten,1268,Cloverdale
,Mood Mode,1269,Cloverdale
,Wind Star,1270,Cloverdale
,Hot Sauna,1271,Cloverdale
,Angel Kiss,1272,Cloverdale
,Wildflower Prairie,1273,Cloverdale
,Genevieve,1274,Cloverdale
,High Style,1275,Cloverdale
,Velvet Robe,1276,Cloverdale
,Regal Azure,1277,Cloverdale
,Fresh Take,1278,Cloverdale
,He Loves Me,1279,Cloverdale
,Lilac Luster,1280,Cloverdale
,Collensia,1281,Cloverdale
,Butterfly Bush,1282,Cloverdale
,Lavender Spectacle,1283,Cloverdale
,Grapes of Wrath,1284,Cloverdale
,Jazlyn,1285,Cloverdale
,Lavender Pizzazz,1286,Cloverdale
,Orchid Fragrance,1287,Cloverdale
,Violet Crush,1288,Cloverdale
,Lilac Blossom,1289,Cloverdale
,Violet Vibes,1290,Cloverdale
,Dancing in the Spring,1291,Cloverdale
,Plum Perfect,1292,Cloverdale
,Violet Pearl,1293,Cloverdale
,Lavender Scent,1294,Cloverdale
,Gypsy Caravan,1295,Cloverdale
,Violet Beauty,1296,Cloverdale
,Royal Proclamation,1297,Cloverdale
,Queen of Sheba,1298,Cloverdale
,Soul Train,1299,Cloverdale
,Winged Victory,1300,Cloverdale
,Lavender Bikini,1301,Cloverdale
,Heather Hill,1302,Cloverdale
,Cut Heather,1303,Cloverdale
,Iced Orchid,1304,Cloverdale
,Victorian Violet,1305,Cloverdale
,Royal Velvet,1306,Cloverdale
,Clytemnestra,1307,Cloverdale
,Stardust Ballroom,1308,Cloverdale
,So Dainty,1309,Cloverdale
,Velvet Dawn,1310,Cloverdale
,Gypsy's Gown,1311,Cloverdale
,Southern Belle,1312,Cloverdale
,My Place or Yours?,1313,Cloverdale
,Desired Dawn,1314,Cloverdale
,Calamities,1315,Cloverdale
,Savoy,1316,Cloverdale
,Buffed Plum,1317,Cloverdale
,Dusky Mood,1318,Cloverdale
,Overlook,1319,Cloverdale
,Blackwater,1320,Cloverdale