,,,,,,,,
COLOR #,COLOR NAME,LOCATOR #,RED,GREEN,BLUE,HEX,COLOR,
SW0001,Mulberry Silk,N/A,148,118,108,94766C,,
SW0002,Chelsea Mauve,N/A,190,172,159,BEAC9F,,
SW0003,Cabbage Rose,N/A,197,159,145,C59F91,,
SW0004,Rose Brocade,N/A,153,108,110,996C6E,,
SW0005,Deepest Mauve,N/A,109,89,90,6D595A,,
SW0006,Toile Red,N/A,139,83,78,8B534E,,
SW0007,Decorous Amber,N/A,172,117,89,AC7559,,
SW0008,Cajun Red,N/A,141,66,47,8D422F,,
SW0009,Eastlake Gold,N/A,194,142,97,C28E61,,
SW0010,Wickerwork,N/A,193,158,128,C19E80,,
SW0011,Crewel Tan,N/A,203,185,155,CBB99B,,
SW0012,Empire Gold,N/A,193,159,110,C19F6E,,
SW0013,Majolica Green,N/A,174,176,143,AEB08F,,
SW0014,Sheraton Sage,N/A,143,134,102,8F8666,,
SW0015,Gallery Green,N/A,112,134,114,708672,,
SW0016,Billiard Green,N/A,69,88,77,45584D,,
SW0017,Calico,N/A,140,164,156,8CA49C,,
SW0018,Teal Stencil,N/A,98,127,123,627F7B,,
SW0019,Festoon Aqua,N/A,160,187,184,A0BBB8,,
SW0020,Peacock Plume,N/A,115,150,148,739694,,
SW0021,Queen Anne Lilac,N/A,192,182,180,C0B6B4,,
SW0022,Patchwork Plum,N/A,126,105,106,7E696A,,
SW0023,Pewter Tankard,N/A,163,155,144,A39B90,,
SW0024,Curio Gray,N/A,152,137,119,988977,,
SW0025,Rosedust,N/A,204,141,132,CC8D84,,
SW0026,Rachel Pink,N/A,232,185,174,E8B9AE,,
SW0027,Aristocrat Peach,N/A,236,206,185,ECCEB9,,
SW0028,Caen Stone,N/A,236,208,177,ECD0B1,,
SW0029,Acanthus,N/A,205,205,180,CDCDB4,,
SW0030,Colonial Yellow,N/A,239,196,136,EFC488,,
SW0031,Dutch Tile Blue,N/A,154,171,171,9AABAB,,
SW0032,Needlepoint Navy,N/A,84,102,112,546670,,
SW0033,Rembrandt Ruby,N/A,151,79,73,974F49,,
SW0034,Roycroft Rose,N/A,192,143,128,C08F80,,
SW0035,Indian White,N/A,238,218,195,EEDAC3,,
SW0036,Buckram Binding,N/A,217,195,166,D9C3A6,,
SW0037,Morris Room Grey,N/A,173,161,147,ADA193,,
SW0038,Library Pewter,N/A,127,114,99,7F7263,,
SW0039,Portrait Tone,N/A,196,149,122,C4957A,,
SW0040,Roycroft Adobe,N/A,167,98,81,A76251,,
SW0041,Dard Hunter Green,N/A,58,74,63,3A4A3F,,
SW0042,Ruskin Room Green,N/A,172,161,125,ACA17D,,
SW0043,Peristyle Brass,N/A,174,144,94,AE905E,,
SW0044,Hubbard Squash,N/A,233,191,140,E9BF8C,,
SW0045,Antiquarian Brown,N/A,148,102,68,946644,,
SW0046,White Hyacinth,N/A,243,229,209,F3E5D1,,
SW0047,Studio Blue Green,N/A,109,129,123,6D817B,,
SW0048,Bunglehouse Blue,N/A,71,98,111,47626F,,
SW0049,Silver Gray,N/A,184,178,162,B8B2A2,,
SW0050,Classic Light Buff,N/A,240,234,220,F0EADC,,
SW0051,Classic Ivory,N/A,242,224,195,F2E0C3,,
SW0052,Pearl Gray,N/A,203,206,197,CBCEC5,,
SW0053,Porcelain,N/A,233,224,213,E9E0D5,,
SW0054,Twilight Gray,N/A,200,191,181,C8BFB5,,
SW0055,Light French Gray,N/A,194,192,187,C2C0BB,,
SW0056,Classic Sand,N/A,214,188,170,D6BCAA,,
SW0057,Chinese Red,N/A,158,62,51,9E3E33,,
SW0058,Jazz Age Coral,N/A,241,191,177,F1BFB1,,
SW0059,Frostwork,N/A,203,208,194,CBD0C2,,
SW0060,Alexandrite,N/A,89,140,116,598C74,,
SW0061,Salon Rose,N/A,171,120,120,AB7878,,
SW0062,Studio Mauve,N/A,198,185,184,C6B9B8,,
SW0063,Blue Sky,N/A,171,209,201,ABD1C9,,
SW0064,Blue Peacock,N/A,1,78,76,014E4C,,
SW0065,Vogue Green,N/A,75,86,69,4B5645,,
SW0066,Cascade Green,N/A,172,177,159,ACB19F,,
SW0067,Belvedere Cream,N/A,240,205,160,F0CDA0,,
SW0068,Copen Blue,N/A,194,204,196,C2CCC4,,
SW0069,Rose Tan,N/A,205,156,133,CD9C85,,
SW0070,Pink Shadow,N/A,222,195,185,DEC3B9,,
SW0071,Orchid,N/A,188,156,158,BC9C9E,,
SW0072,Deep Maroon,N/A,98,63,69,623F45,,
SW0073,Chartreuse,N/A,225,210,134,E1D286,,
SW0074,Radiant Lilac,N/A,164,137,160,A489A0,,
SW0075,Holiday Turquoise,N/A,138,198,189,8AC6BD,,
SW0076,Appleblossom,N/A,218,181,180,DAB5B4,,
SW0077,Classic French Gray,N/A,136,135,130,888782,,
SW0078,Sunbeam Yellow,N/A,240,211,157,F0D39D,,
SW0079,Pinky Beige,N/A,201,170,152,C9AA98,,
SW0080,Pink Flamingo,N/A,205,113,123,CD717B,,
SW1015,Skyline Steel,283-C3,198,191,179,C6BFB3,,
SW1666,Venetian Yellow,138-C3,246,227,161,F6E3A1,,
SW1667,Icy Lemonade,138-C2,244,232,178,F4E8B2,,
SW1668,Pineapple Cream,138-C1,242,234,195,F2EAC3,,
SW2704,Merlot,276-C7,81,50,59,51323B,,
SW2735,Rockweed,252-C1,68,55,53,443735,,
SW2739,Charcoal Blue,253-C4,61,68,80,3D4450,,
SW2740,Mineral Gray,253-C5,81,87,99,515763,,
SW2801,Rookwood Dark Red,N/A,75,41,41,4B2929,,
SW2802,Rookwood Red,N/A,98,47,45,622F2D,,
SW2803,Rookwood Terra Cotta,N/A,151,88,64,975840,,
SW2804,Renwick Rose Beige,N/A,175,136,113,AF8871,,
SW2805,Renwick Beige,N/A,195,176,157,C3B09D,,
SW2806,Rookwood Brown,N/A,127,97,74,7F614A,,
SW2807,Rookwood Medium Brown,N/A,110,82,65,6E5241,,
SW2808,Rookwood Dark Brown,N/A,95,77,67,5F4D43,,
SW2809,Rookwood Shutter Green,N/A,48,59,57,303B39,,
SW2810,Rookwood Sash Green,N/A,80,106,103,506A67,,
SW2811,Rookwood Blue Green,N/A,115,132,120,738478,,
SW2812,Rookwood Jade,N/A,151,159,127,979F7F,,
SW2813,Downing Straw,N/A,202,171,125,CAAB7D,,
SW2814,Rookwood Antique Gold,N/A,165,130,88,A58258,,
SW2815,Renwick Olive,N/A,151,137,106,97896A,,
SW2816,Rookwood Dark Green,N/A,86,92,74,565C4A,,
SW2817,Rookwood Amber,N/A,192,134,80,C08650,,
SW2818,Renwick Heather,N/A,139,125,123,8B7D7B,,
SW2819,Downing Slate,N/A,119,127,134,777F86,,
SW2820,Downing Earth,N/A,136,123,103,887B67,,
SW2821,Downing Stone,N/A,166,163,151,A6A397,,
SW2822,Downing Sand,N/A,203,188,165,CBBCA5,,
SW2823,Rookwood Clay,N/A,154,126,100,9A7E64,,
SW2824,Renwick Golden Oak,N/A,150,114,76,96724C,,
SW2826,Colonial Revival Green Stone,N/A,163,155,126,A39B7E,,
SW2827,Colonial Revival Stone,N/A,167,148,124,A7947C,,
SW2828,Colonial Revival Tan,N/A,211,182,153,D3B699,,
SW2829,Classical White,N/A,236,225,203,ECE1CB,,
SW2831,Classical Gold,N/A,235,184,117,EBB875,,
SW2832,Colonial Revival Gray,N/A,180,185,185,B4B9B9,,
SW2833,Roycroft Vellum,N/A,232,217,189,E8D9BD,,
SW2834,Birdseye Maple,N/A,228,196,149,E4C495,,
SW2835,Craftsman Brown,N/A,174,146,120,AE9278,,
SW2836,Quartersawn Oak,N/A,133,105,91,85695B,,
SW2837,Aurora Brown,N/A,106,66,56,6A4238,,
SW2838,Polished Mahogany,N/A,67,39,34,432722,,
SW2839,Roycroft Copper Red,N/A,123,55,40,7B3728,,
SW2840,Hammered Silver,N/A,151,138,127,978A7F,,
SW2841,Weathered Shingle,N/A,147,127,104,937F68,,
SW2842,Roycroft Suede,N/A,167,148,115,A79473,,
SW2843,Roycroft Brass,N/A,122,106,81,7A6A51,,
SW2844,Roycroft Mist Gray,N/A,194,189,177,C2BDB1,,
SW2845,Bunglehouse Gray,N/A,152,143,123,988F7B,,
SW2846,Roycroft Bronze Green,N/A,87,84,73,575449,,
SW2847,Roycroft Bottle Green,N/A,50,64,56,324038,,
SW2848,Roycroft Pewter,N/A,97,101,100,616564,,
SW2849,Westchester Gray,N/A,121,121,120,797978,,
SW2850,Chelsea Gray,N/A,182,183,176,B6B7B0,,
SW2851,Sage Green Light,N/A,115,112,94,73705E,,
SW2853,New Colonial Yellow,N/A,217,173,127,D9AD7F,,
SW2854,Caribbean Coral,N/A,190,121,94,BE795E,,
SW2855,Sycamore Tan,N/A,156,138,121,9C8A79,,
SW2856,Fairfax Brown,N/A,97,70,58,61463A,,
SW2857,Peace Yellow,N/A,238,207,158,EECF9E,,
SW2858,Harvest Gold,N/A,217,160,106,D9A06A,,
SW2859,Beige,N/A,223,200,181,DFC8B5,,
SW2860,Sage,N/A,179,174,149,B3AE95,,
SW2861,Avocado,N/A,133,124,93,857C5D,,
SW2863,Powder Blue,N/A,137,164,173,89A4AD,,
SW2865,Classical Yellow,N/A,248,212,146,F8D492,,
SW6000,Snowfall,273-C5,224,222,218,E0DEDA,,
SW6001,Grayish,240-C1,207,202,199,CFCAC7,,
SW6002,Essential Gray,240-C2,188,184,182,BCB8B6,,
SW6003,Proper Gray,240-C3,173,168,165,ADA8A5,,
SW6004,Mink,240-C5,132,123,119,847B77,,
SW6005,Folkstone,240-C6,109,101,98,6D6562,,
SW6006,Black Bean,252-C2,64,51,48,403330,,
SW6007,Smart White,274-C5,228,219,216,E4DBD8,,
SW6008,Individual White,231-C1,212,205,202,D4CDCA,,
SW6009,Imagine,231-C2,194,182,182,C2B6B6,,
SW6010,Flexible Gray,231-C3,177,163,161,B1A3A1,,
SW6011,Chinchilla,231-C5,134,120,117,867875,,
SW6012,Browse Brown,231-C6,110,97,95,6E615F,,
SW6013,Bitter Chocolate,231-C7,77,60,60,4D3C3C,,
SW6015,Vaguely Mauve,230-C1,209,197,196,D1C5C4,,
SW6016,Chaise Mauve,230-C2,193,178,179,C1B2B3,,
SW6017,Intuitive,230-C3,179,163,165,B3A3A5,,
SW6018,Enigma,230-C5,139,124,126,8B7C7E,,
SW6019,Poetry Plum,230-C6,111,92,95,6F5C5F,,
SW6020,Marooned,230-C7,78,49,50,4E3132,,
SW6021,Dreamy White,274-C4,227,217,213,E3D9D5,,
SW6022,Breathless,191-C1,214,194,190,D6C2BE,,
SW6023,Insightful Rose,191-C2,201,176,171,C9B0AB,,
SW6024,Dressy Rose,191-C3,184,157,154,B89D9A,,
SW6025,Socialite,191-C5,144,118,118,907676,,
SW6026,River Rouge,191-C6,118,89,93,76595D,,
SW6027,Cordovan,191-C7,95,61,63,5F3D3F,,
SW6028,Cultured Pearl,260-C3,229,220,214,E5DCD6,,
SW6029,White Truffle,192-C1,215,200,194,D7C8C2,,
SW6030,Artistic Taupe,192-C2,195,177,172,C3B1AC,,
SW6031,Glamour,192-C3,182,160,154,B6A09A,,
SW6032,Dutch Cocoa,192-C5,140,112,106,8C706A,,
SW6033,Bateau Brown,192-C6,122,95,90,7A5F5A,,
SW6034,Arresting Auburn,192-C7,90,53,50,5A3532,,
SW6035,Gauzy White,260-C6,227,219,212,E3DBD4,,
SW6036,Angora,232-C1,209,197,190,D1C5BE,,
SW6037,Temperate Taupe,232-C2,191,177,170,BFB1AA,,
SW6038,Truly Taupe,232-C3,172,158,151,AC9E97,,
SW6039,Poised Taupe,232-C5,140,126,120,8C7E78,,
SW6040,Less Brown,232-C6,117,103,97,756761,,
SW6041,Otter,232-C7,86,67,59,56433B,,
SW6042,Hush White,274-C3,229,218,212,E5DAD4,,
SW6043,Unfussy Beige,193-C1,214,200,192,D6C8C0,,
SW6044,Doeskin,193-C2,198,179,169,C6B3A9,,
SW6045,Emerging Taupe,193-C3,184,161,150,B8A196,,
SW6046,Swing Brown,193-C5,148,117,105,947569,,
SW6047,Hot Cocoa,193-C6,128,98,87,806257,,
SW6048,Terra Brun,193-C7,90,56,45,5A382D,,
SW6049,Gorgeous White,274-C2,231,219,211,E7DBD3,,
SW6050,Abalone Shell,194-C1,219,199,189,DBC7BD,,
SW6051,Sashay Sand,194-C2,207,180,168,CFB4A8,,
SW6052,Sandbank,194-C3,195,164,151,C3A497,,
SW6053,Reddened Earth,194-C5,156,110,99,9C6E63,,
SW6054,Canyon Clay,194-C6,133,89,79,85594F,,
SW6055,Fiery Brown,194-C7,93,56,49,5D3831,,
SW6056,Polite White,274-C1,233,221,212,E9DDD4,,
SW6057,Malted Milk,195-C1,222,202,189,DECABD,,
SW6058,Likeable Sand,195-C2,209,183,168,D1B7A8,,
SW6059,Interface Tan,195-C3,193,163,146,C1A392,,
SW6060,Moroccan Brown,195-C5,157,120,104,9D7868,,
SW6061,Tanbark,195-C6,137,102,86,896656,,
SW6062,Rugged Brown,195-C7,105,67,54,694336,,
SW6063,Nice White,260-C4,230,221,213,E6DDD5,,
SW6064,Reticence,196-C1,217,205,195,D9CDC3,,
SW6065,Bona Fide Beige,196-C2,203,185,171,CBB9AB,,
SW6066,Sand Trap,196-C3,187,165,149,BBA595,,
SW6067,Mocha,196-C5,150,122,106,967A6A,,
SW6068,Brevity Brown,196-C6,113,82,67,715243,,
SW6069,French Roast,196-C7,79,52,38,4F3426,,
SW6070,Heron Plume,259-C1,229,225,216,E5E1D8,,
SW6071,Popular Gray,242-C1,212,204,195,D4CCC3,,
SW6072,Versatile Gray,242-C2,193,182,171,C1B6AB,,
SW6073,Perfect Greige,242-C3,183,171,159,B7AB9F,,
SW6074,Spalding Gray,242-C5,141,127,117,8D7F75,,
SW6075,Garret Gray,242-C6,117,104,97,756861,,
SW6076,Turkish Coffee,277-C3,77,57,48,4D3930,,
SW6077,Everyday White,260-C5,228,220,212,E4DCD4,,
SW6078,Realist Beige,198-C1,211,200,189,D3C8BD,,
SW6079,Diverse Beige,198-C2,194,180,167,C2B4A7,,
SW6080,Utterly Beige,198-C3,181,165,151,B5A597,,
SW6081,Down Home,198-C5,144,120,101,907865,,
SW6082,Cobble Brown,198-C6,122,100,85,7A6455,,
SW6083,Sable,198-C7,95,75,63,5F4B3F,,
SW6084,Modest White,267-C5,230,221,212,E6DDD4,,
SW6085,Simplify Beige,197-C1,214,199,185,D6C7B9,,
SW6086,Sand Dune,197-C2,197,177,162,C5B1A2,,
SW6087,Trusty Tan,197-C3,181,159,143,B59F8F,,
SW6088,Nuthatch,197-C5,142,114,95,8E725F,,
SW6089,Grounded,197-C6,120,91,71,785B47,,
SW6090,Java,197-C7,99,69,51,634533,,
SW6091,Reliable White,267-C6,232,222,211,E8DED3,,
SW6092,Lightweight Beige,200-C1,218,200,184,DAC8B8,,
SW6093,Familiar Beige,200-C2,202,179,160,CAB3A0,,
SW6094,Sensational Sand,200-C3,191,163,141,BFA38D,,
SW6095,Toasty,200-C5,149,114,88,957258,,
SW6096,Jute Brown,200-C6,129,93,64,815D40,,
SW6097,Sturdy Brown,200-C7,105,72,44,69482C,,
SW6098,Pacer White,267-C7,229,221,208,E5DDD0,,
SW6099,Sand Dollar,201-C1,215,197,179,D7C5B3,,
SW6100,Practical Beige,201-C2,201,178,156,C9B29C,,
SW6101,Sands of Time,201-C3,188,163,139,BCA38B,,
SW6102,Portabello,201-C5,148,122,98,947A62,,
SW6103,Tea Chest,201-C6,125,100,77,7D644D,,
SW6104,Kaffee,201-C7,101,80,61,65503D,,
SW6105,Divine White,266-C4,230,220,205,E6DCCD,,
SW6106,Kilim Beige,204-C1,215,197,174,D7C5AE,,
SW6107,Nomadic Desert,204-C2,199,177,152,C7B198,,
SW6108,Latte,204-C3,186,161,133,BAA185,,
SW6109,Hopsack,204-C5,158,129,99,9E8163,,
SW6110,Steady Brown,204-C6,138,107,77,8A6B4D,,
SW6111,Coconut Husk,204-C7,112,87,63,70573F,,
SW6112,Biscuit,265-C3,235,221,203,EBDDCB,,
SW6113,Interactive Cream,291-C1,228,202,173,E4CAAD,,
SW6114,Bagel,291-C2,215,181,147,D7B593,,
SW6115,Totally Tan,291-C3,204,166,131,CCA683,,
SW6116,Tatami Tan,291-C5,186,140,100,BA8C64,,
SW6117,Smokey Topaz,291-C6,165,121,85,A57955,,
SW6118,Leather Bound,291-C7,141,98,61,8D623D,,
SW6119,Antique White,263-C6,232,220,198,E8DCC6,,
SW6120,Believable Buff,141-C1,219,199,168,DBC7A8,,
SW6121,Whole Wheat,141-C2,205,181,146,CDB592,,
SW6122,Camelback,141-C3,197,170,133,C5AA85,,
SW6123,Baguette,141-C5,179,145,103,B39167,,
SW6124,Cardboard,141-C6,156,122,86,9C7A56,,
SW6125,Craft Paper,141-C7,138,102,69,8A6645,,
SW6126,Navajo White,264-C5,233,220,198,E9DCC6,,
SW6127,Ivoire,140-C1,228,206,172,E4CEAC,,
SW6128,Blonde,140-C2,220,189,146,DCBD92,,
SW6129,Restrained Gold,140-C3,210,176,132,D2B084,,
SW6130,Mannered Gold,140-C5,193,151,99,C19763,,
SW6131,Chamois,140-C6,173,132,81,AD8451,,
SW6132,Relic Bronze,140-C7,144,106,58,906A3A,,
SW6133,Muslin,263-C5,234,223,201,EADFC9,,
SW6134,Netsuke,208-C1,224,207,176,E0CFB0,,
SW6135,Ecru,208-C2,208,186,148,D0BA94,,
SW6136,Harmonic Tan,208-C3,198,176,138,C6B08A,,
SW6137,Burlap,208-C5,172,149,113,AC9571,,
SW6138,Artifact,208-C6,154,129,94,9A815E,,
SW6139,Mossy Gold,208-C7,127,103,67,7F6743,,
SW6140,Moderate White,266-C3,233,222,207,E9DECF,,
SW6141,Softer Tan,206-C1,218,202,178,DACAB2,,
SW6142,Macadamia,206-C2,204,183,155,CCB79B,,
SW6143,Basket Beige,206-C3,192,169,139,C0A98B,,
SW6144,Dapper Tan,206-C5,148,127,101,947F65,,
SW6145,Thatch Brown,206-C6,134,112,87,867057,,
SW6146,Umber,206-C7,110,84,60,6E543C,,
SW6147,Panda White,266-C2,234,226,212,EAE2D4,,
SW6148,Wool Skein,207-C1,217,207,186,D9CFBA,,
SW6149,Relaxed Khaki,207-C2,200,187,163,C8BBA3,,
SW6150,Universal Khaki,207-C3,184,169,146,B8A992,,
SW6151,Quiver Tan,207-C5,142,127,106,8E7F6A,,
SW6152,Superior Bronze,207-C6,120,105,87,786957,,
SW6153,Protégé Bronze,207-C7,102,84,62,66543E,,
SW6154,Nacre,263-C2,232,226,212,E8E2D4,,
SW6155,Rice Grain,210-C1,219,208,185,DBD0B9,,
SW6156,Ramie,210-C2,205,189,162,CDBDA2,,
SW6157,Favorite Tan,210-C3,193,174,145,C1AE91,,
SW6158,Sawdust,210-C5,153,137,112,998970,,
SW6159,High Tea,210-C6,126,111,89,7E6F59,,
SW6160,Best Bronze,210-C7,93,81,62,5D513E,,
SW6161,Nonchalant White,270-C1,222,221,209,DEDDD1,,
SW6162,Ancient Marble,212-C1,209,204,185,D1CCB9,,
SW6163,Grassland,212-C2,193,188,167,C1BCA7,,
SW6164,Svelte Sage,212-C3,178,172,150,B2AC96,,
SW6165,Connected Gray,212-C5,137,132,115,898473,,
SW6166,Eclipse,212-C6,107,103,87,6B6757,,
SW6167,Garden Gate,212-C7,94,89,73,5E5949,,
SW6168,Moderne White,258-C6,226,224,215,E2E0D7,,
SW6169,Sedate Gray,211-C1,209,205,191,D1CDBF,,
SW6170,Techno Gray,211-C2,191,185,170,BFB9AA,,
SW6171,Chatroom,211-C3,176,171,156,B0AB9C,,
SW6172,Hardware,211-C5,139,131,114,8B8372,,
SW6173,Cocoon,211-C6,114,107,91,726B5B,,
SW6174,Andiron,278-C6,66,64,54,424036,,
SW6175,Sagey,270-C4,226,226,209,E2E2D1,,
SW6176,Liveable Green,213-C1,206,206,189,CECEBD,,
SW6177,Softened Green,213-C2,187,188,167,BBBCA7,,
SW6178,Clary Sage,213-C3,172,173,151,ACAD97,,
SW6179,Artichoke,213-C5,127,130,102,7F8266,,
SW6180,Oakmoss,213-C6,101,104,76,65684C,,
SW6181,Secret Garden,213-C7,79,82,58,4F523A,,
SW6182,Ethereal White,258-C5,227,226,217,E3E2D9,,
SW6183,Conservative Gray,215-C1,209,208,198,D1D0C6,,
SW6184,Austere Gray,215-C2,190,191,178,BEBFB2,,
SW6185,Escape Gray,215-C3,171,172,159,ABAC9F,,
SW6186,Dried Thyme,215-C5,123,128,112,7B8070,,
SW6187,Rosemary,215-C6,100,105,92,64695C,,
SW6188,Shade‐Grown,215-C7,78,81,71,4E5147,,
SW6189,Opaline,271-C2,220,223,215,DCDFD7,,
SW6190,Filmy Green,214-C1,209,211,199,D1D3C7,,
SW6191,Contented,214-C2,189,192,179,BDC0B3,,
SW6192,Coastal Plain,214-C3,159,166,148,9FA694,,
SW6193,Privilege Green,214-C5,122,135,117,7A8775,,
SW6194,Basil,214-C6,98,110,96,626E60,,
SW6195,Rock Garden,214-C7,70,84,72,465448,,
SW6196,Frosty White,258-C4,221,221,214,DDDDD6,,
SW6197,Aloof Gray,216-C1,201,201,192,C9C9C0,,
SW6198,Sensible Hue,216-C2,182,181,171,B6B5AB,,
SW6199,Rare Gray,216-C3,166,166,155,A6A69B,,
SW6200,Link Gray,216-C5,127,126,114,7F7E72,,
SW6201,Thunderous,216-C6,109,108,98,6D6C62,,
SW6202,Cast Iron,216-C7,100,100,90,64645A,,
SW6203,Spare White,258-C1,228,228,221,E4E4DD,,
SW6204,Sea Salt,217-C1,205,210,202,CDD2CA,,
SW6205,Comfort Gray,217-C2,190,195,187,BEC3BB,,
SW6206,Oyster Bay,217-C3,174,179,169,AEB3A9,,
SW6207,Retreat,217-C5,122,128,118,7A8076,,
SW6208,Pewter Green,217-C6,94,98,89,5E6259,,
SW6209,Ripe Olive,217-C7,68,72,61,44483D,,
SW6210,Window Pane,271-C3,215,223,216,D7DFD8,,
SW6211,Rainwashed,218-C1,194,205,197,C2CDC5,,
SW6212,Quietude,218-C2,173,187,178,ADBBB2,,
SW6213,Halcyon Green,218-C3,155,170,162,9BAAA2,,
SW6214,Underseas,218-C5,124,142,135,7C8E87,,
SW6215,Rocky River,218-C6,94,112,106,5E706A,,
SW6216,Jasper,218-C7,52,59,54,343B36,,
SW6217,Topsail,272-C3,218,226,224,DAE2E0,,
SW6218,Tradewind,219-C1,194,207,207,C2CFCF,,
SW6219,Rain,219-C2,171,190,191,ABBEBF,,
SW6220,Interesting Aqua,219-C3,155,175,178,9BAFB2,,
SW6221,Moody Blue,219-C5,122,145,146,7A9192,,
SW6222,Riverway,219-C6,93,114,116,5D7274,,
SW6223,Still Water,219-C7,74,93,95,4A5D5F,,
SW6224,Mountain Air,273-C1,216,224,223,D8E0DF,,
SW6225,Sleepy Blue,220-C1,188,203,206,BCCBCE,,
SW6226,Languid Blue,220-C2,164,183,189,A4B7BD,,
SW6227,Meditative,220-C3,150,170,176,96AAB0,,
SW6228,Refuge,220-C5,96,125,132,607D84,,
SW6229,Tempe Star,220-C6,71,98,106,47626A,,
SW6230,Rainstorm,220-C7,36,70,83,244653,,
SW6231,Rock Candy,257-C6,222,225,223,DEE1DF,,
SW6232,Misty,222-C1,205,210,210,CDD2D2,,
SW6233,Samovar Silver,222-C2,184,190,190,B8BEBE,,
SW6234,Uncertain Gray,222-C3,169,176,177,A9B0B1,,
SW6235,Foggy Day,222-C5,114,124,127,727C7F,,
SW6236,Grays Harbor,222-C6,89,99,104,596368,,
SW6237,Dark Night,222-C7,35,56,63,23383F,,
SW6238,Icicle,273-C3,219,223,224,DBDFE0,,
SW6239,Upward,224-C1,191,201,208,BFC9D0,,
SW6240,Windy Blue,224-C2,170,186,198,AABAC6,,
SW6241,Aleutian,224-C3,152,169,183,98A9B7,,
SW6242,Bracing Blue,224-C5,118,139,154,768B9A,,
SW6243,Distance,224-C6,93,111,127,5D6F7F,,
SW6244,Naval,253-C6,47,61,76,2F3D4C,,
SW6245,Quicksilver,273-C2,221,226,224,DDE2E0,,
SW6246,North Star,225-C1,202,208,210,CAD0D2,,
SW6247,Krypton,225-C2,184,192,195,B8C0C3,,
SW6248,Jubilee,225-C3,173,181,185,ADB5B9,,
SW6249,Storm Cloud,225-C5,122,132,141,7A848D,,
SW6250,Granite Peak,225-C6,96,107,117,606B75,,
SW6251,Outerspace,225-C7,88,97,104,586168,,
SW6252,Ice Cube,257-C3,227,228,225,E3E4E1,,
SW6253,Olympus White,234-C1,212,216,215,D4D8D7,,
SW6254,Lazy Gray,234-C2,190,193,195,BEC1C3,,
SW6255,Morning Fog,234-C3,168,174,177,A8AEB1,,
SW6256,Serious Gray,234-C5,125,132,139,7D848B,,
SW6257,Gibraltar,234-C6,98,105,112,626970,,
SW6258,Tricorn Black,251-C1,47,47,48,2F2F30,,
SW6259,Spatial White,273-C6,221,220,219,DDDCDB,,
SW6260,Unique Gray,228-C1,203,201,201,CBC9C9,,
SW6261,Swanky Gray,228-C2,181,177,181,B5B1B5,,
SW6262,Mysterious Mauve,228-C3,166,163,169,A6A3A9,,
SW6263,Exclusive Plum,228-C5,115,111,120,736F78,,
SW6264,Midnight,228-C6,93,89,98,5D5962,,
SW6265,Quixotic Plum,228-C7,74,70,83,4A4653,,
SW6267,Sensitive Tint,229-C1,206,201,204,CEC9CC,,
SW6268,Veiled Violet,229-C2,189,181,185,BDB5B9,,
SW6269,Beguiling Mauve,229-C3,175,167,172,AFA7AC,,
SW6270,Soulmate,229-C5,133,119,123,85777B,,
SW6271,Expressive Plum,229-C6,105,92,98,695C62,,
SW6272,Plum Brown,229-C7,78,66,71,4E4247,,
SW6274,Destiny,226-C1,207,201,200,CFC9C8,,
SW6275,Fashionable Gray,226-C2,189,184,184,BDB8B8,,
SW6276,Mystical Shade,226-C3,174,169,170,AEA9AA,,
SW6277,Special Gray,226-C5,123,120,125,7B787D,,
SW6278,Cloak Gray,226-C6,96,94,99,605E63,,
SW6279,Black Swan,252-C7,58,55,62,3A373E,,
SW6281,Wallflower,190-C1,219,207,212,DBCFD4,,
SW6282,Mauve Finery,190-C2,203,184,192,CBB8C0,,
SW6283,Thistle,190-C3,170,142,154,AA8E9A,,
SW6284,Plum Dandy,190-C5,139,104,120,8B6878,,
SW6285,Grape Harvest,190-C6,126,90,109,7E5A6D,,
SW6286,Mature Grape,190-C7,95,63,84,5F3F54,,
SW6288,Rosebud,109-C1,224,205,209,E0CDD1,,
SW6289,Delightful,109-C2,210,182,190,D2B6BE,,
SW6290,Rosé,109-C3,185,149,161,B995A1,,
SW6291,Moss Rose,109-C4,158,109,121,9E6D79,,
SW6292,Berry Bush,109-C5,141,88,105,8D5869,,
SW6293,Fabulous Grape,109-C6,109,52,79,6D344F,,
SW6295,Demure,110-C1,232,212,213,E8D4D5,,
SW6296,Fading Rose,110-C2,218,189,193,DABDC1,,
SW6297,Rose Embroidery,110-C3,199,158,162,C79EA2,,
SW6298,Concerto,110-C5,158,107,117,9E6B75,,
SW6299,Aged Wine,110-C6,137,84,96,895460,,
SW6300,Burgundy,110-C7,99,51,62,63333E,,
SW6302,Innocence,111-C1,235,209,207,EBD1CF,,
SW6303,Rose Colored,111-C2,220,182,181,DCB6B5,,
SW6304,Pressed Flower,111-C3,195,147,147,C39393,,
SW6305,Rambling Rose,111-C5,153,93,98,995D62,,
SW6306,Cordial,111-C6,134,76,82,864C52,,
SW6307,Fine Wine,111-C7,114,57,65,723941,,
SW6309,Charming Pink,112-C1,237,211,210,EDD3D2,,
SW6310,Lotus Flower,112-C2,230,189,189,E6BDBD,,
SW6311,Memorable Rose,112-C3,207,138,141,CF8A8D,,
SW6312,Redbud,112-C5,173,94,101,AD5E65,,
SW6313,Kirsch Red,112-C6,151,73,83,974953,,
SW6314,Luxurious Red,112-C7,134,58,66,863A42,,
SW6316,Rosy Outlook,113-C1,235,206,203,EBCECB,,
SW6317,Gracious Rose,113-C2,227,183,177,E3B7B1,,
SW6318,Resounding Rose,113-C3,205,142,137,CD8E89,,
SW6319,Reddish,113-C5,181,105,102,B56966,,
SW6320,Bravado Red,113-C6,160,82,78,A0524E,,
SW6321,Red Bay,113-C7,142,55,56,8E3738,,
SW6322,Intimate White,268-C6,240,225,216,F0E1D8,,
SW6323,Romance,114-C1,235,207,195,EBCFC3,,
SW6324,Mellow Coral,114-C2,227,181,168,E3B5A8,,
SW6325,Constant Coral,114-C3,205,142,127,CD8E7F,,
SW6326,Henna Shade,114-C5,179,103,93,B3675D,,
SW6327,Bold Brick,114-C6,160,88,79,A0584F,,
SW6328,Fireweed,114-C7,123,55,48,7B3730,,
SW6329,Faint Coral,268-C5,238,222,213,EEDED5,,
SW6330,Quaint Peche,115-C1,234,205,193,EACDC1,,
SW6331,Smoky Salmon,115-C2,226,182,167,E2B6A7,,
SW6332,Coral Island,115-C3,206,147,130,CE9382,,
SW6333,Foxy,115-C5,168,94,83,A85E53,,
SW6334,Flower Pot,115-C6,143,68,56,8F4438,,
SW6335,Fired Brick,115-C7,131,56,42,83382A,,
SW6336,Nearly Peach,268-C4,239,222,209,EFDED1,,
SW6337,Spun Sugar,124-C1,237,210,192,EDD2C0,,
SW6338,Warming Peach,124-C2,228,185,162,E4B9A2,,
SW6339,Persimmon,124-C3,217,152,124,D9987C,,
SW6340,Baked Clay,124-C5,193,120,92,C1785C,,
SW6341,Red Cent,124-C6,173,101,76,AD654C,,
SW6342,Spicy Hue,124-C7,153,75,53,994B35,,
SW6343,Alluring White,287-C1,239,225,210,EFE1D2,,
SW6344,Peach Fuzz,125-C1,236,207,187,ECCFBB,,
SW6345,Sumptuous Peach,125-C2,229,185,155,E5B99B,,
SW6346,Fame Orange,125-C3,219,156,123,DB9C7B,,
SW6347,Chrysanthemum,125-C4,196,123,91,C47B5B,,
SW6348,Reynard,125-C5,180,104,72,B46848,,
SW6349,Pennywise,125-C6,162,88,58,A2583A,,
SW6350,Intricate Ivory,265-C4,237,221,202,EDDDCA,,
SW6351,Sweet Orange,126-C1,235,204,179,EBCCB3,,
SW6352,Soft Apricot,126-C2,224,179,146,E0B392,,
SW6353,Chivalry Copper,126-C4,212,150,110,D4966E,,
SW6354,Armagnac,126-C5,195,128,88,C38058,,
SW6355,Truepenny,126-C6,180,108,66,B46C42,,
SW6356,Copper Mountain,126-C7,166,97,60,A6613C,,
SW6357,Choice Cream,265-C5,240,225,208,F0E1D0,,
SW6358,Creamery,127-C1,237,208,182,EDD0B6,,
SW6359,Sociable,127-C2,232,190,155,E8BE9B,,
SW6360,Folksy Gold,127-C4,214,153,105,D69969,,
SW6361,Autumnal,127-C5,205,140,93,CD8C5D,,
SW6362,Tigereye,127-C6,187,119,72,BB7748,,
SW6363,Gingery,127-C7,176,108,62,B06C3E,,
SW6364,Eggwhite,264-C2,243,229,210,F3E5D2,,
SW6365,Cachet Cream,128-C1,243,217,186,F3D9BA,,
SW6366,Ambitious Amber,128-C2,240,203,151,F0CB97,,
SW6367,Viva Gold,128-C3,227,172,114,E3AC72,,
SW6368,Bakelite Gold,128-C4,215,153,93,D7995D,,
SW6369,Tassel,128-C5,198,136,74,C6884A,,
SW6370,Saucy Gold,128-C6,182,116,59,B6743B,,
SW6371,Vanillin,262-C6,242,227,202,F2E3CA,,
SW6372,Inviting Ivory,129-C1,242,213,176,F2D5B0,,
SW6373,Harvester,129-C2,237,195,142,EDC38E,,
SW6374,Torchlight,129-C4,229,174,107,E5AE6B,,
SW6375,Honeycomb,129-C5,213,152,88,D59858,,
SW6376,Gold Coast,129-C6,199,133,56,C78538,,
SW6377,Butterscotch,129-C7,182,125,60,B67D3C,,
SW6378,Crisp Linen,264-C3,243,230,212,F3E6D4,,
SW6379,Jersey Cream,130-C1,245,222,187,F5DEBB,,
SW6380,Humble Gold,130-C2,237,199,150,EDC796,,
SW6381,Anjou Pear,130-C4,221,172,109,DDAC6D,,
SW6382,Ceremonial Gold,130-C5,214,158,89,D69E59,,
SW6383,Golden Rule,130-C6,204,146,73,CC9249,,
SW6384,Cut the Mustard,130-C7,186,127,56,BA7F38,,
SW6385,Dover White,261-C2,240,234,220,F0EADC,,
SW6386,Napery,139-C1,239,221,193,EFDDC1,,
SW6387,Compatible Cream,139-C2,232,200,158,E8C89E,,
SW6388,Golden Fleece,139-C4,214,173,120,D6AD78,,
SW6389,Butternut,139-C5,204,155,92,CC9B5C,,
SW6390,Bosc Pear,139-C6,192,144,86,C09056,,
SW6391,Gallant Gold,139-C7,164,118,60,A4763C,,
SW6392,Vital Yellow,269-C4,237,224,197,EDE0C5,,
SW6393,Convivial Yellow,142-C1,233,214,176,E9D6B0,,
SW6394,Sequin,142-C2,225,194,141,E1C28D,,
SW6395,Alchemy,142-C4,201,158,83,C99E53,,
SW6396,Different Gold,142-C5,188,147,77,BC934D,,
SW6397,Nankeen,142-C6,170,128,58,AA803A,,
SW6398,Sconce Gold,142-C7,153,111,50,996F32,,
SW6399,Chamomile,269-C3,233,224,197,E9E0C5,,
SW6400,Lucent Yellow,143-C1,228,208,165,E4D0A5,,
SW6401,Independent Gold,143-C3,210,186,131,D2BA83,,
SW6402,Antiquity,143-C4,194,164,98,C2A462,,
SW6403,Escapade Gold,143-C5,184,155,89,B89B59,,
SW6404,Grandiose,143-C6,156,127,65,9C7F41,,
SW6405,Fervent Brass,143-C7,149,121,61,95793D,,
SW6406,Ionic Ivory,269-C2,231,223,197,E7DFC5,,
SW6407,Ancestral Gold,144-C1,221,205,166,DDCDA6,,
SW6408,Wheat Grass,144-C2,203,181,132,CBB584,,
SW6409,Edgy Gold,144-C4,177,151,95,B1975F,,
SW6410,Brassy,144-C5,157,131,68,9D8344,,
SW6411,Bengal Grass,144-C6,142,119,63,8E773F,,
SW6412,Eminent Bronze,144-C7,122,104,65,7A6841,,
SW6413,Restoration Ivory,269-C1,233,225,202,E9E1CA,,
SW6414,Rice Paddy,145-C1,223,212,176,DFD4B0,,
SW6415,Hearts of Palm,145-C2,207,194,145,CFC291,,
SW6416,Sassy Green,145-C4,187,168,106,BBA86A,,
SW6417,Tupelo Tree,145-C5,156,145,82,9C9152,,
SW6418,Rural Green,145-C6,141,132,77,8D844D,,
SW6419,Saguaro,145-C7,101,95,45,655F2D,,
SW6420,Queen Anne's Lace,270-C5,236,234,213,ECEAD5,,
SW6421,Celery,154-C1,224,221,189,E0DDBD,,
SW6422,Shagreen,154-C2,203,201,157,CBC99D,,
SW6423,Ryegrass,154-C4,174,172,122,AEAC7A,,
SW6424,Tansy Green,154-C5,149,148,92,95945C,,
SW6425,Relentless Olive,154-C6,113,113,62,71713E,,
SW6426,Basque Green,154-C7,95,96,51,5F6033,,
SW6427,Sprout,270-C6,228,228,206,E4E4CE,,
SW6428,Honeydew,155-C1,219,221,189,DBDDBD,,
SW6429,Baize Green,155-C2,199,205,168,C7CDA8,,
SW6430,Great Green,155-C3,171,180,134,ABB486,,
SW6431,Leapfrog,155-C5,136,145,93,88915D,,
SW6432,Garden Spot,155-C6,109,118,69,6D7645,,
SW6433,Inverness,155-C7,87,98,56,576238,,
SW6434,Spinach White,270-C2,228,232,218,E4E8DA,,
SW6435,Gratifying Green,156-C1,218,226,205,DAE2CD,,
SW6436,Bonsai Tint,156-C2,197,209,178,C5D1B2,,
SW6437,Haven,156-C3,163,180,140,A3B48C,,
SW6438,Dill,156-C5,120,141,96,788D60,,
SW6439,Greenfield,156-C6,96,114,79,60724F,,
SW6440,Courtyard,156-C7,71,88,66,475842,,
SW6441,White Mint,270-C3,224,231,218,E0E7DA,,
SW6442,Supreme Green,157-C1,207,221,199,CFDDC7,,
SW6443,Relish,157-C2,179,203,170,B3CBAA,,
SW6444,Lounge Green,157-C3,139,169,127,8BA97F,,
SW6445,Garden Grove,157-C5,94,127,87,5E7F57,,
SW6446,Arugula,157-C6,66,96,60,42603C,,
SW6447,Evergreens,157-C7,64,88,64,405840,,
SW6449,Topiary Tint,158-C1,200,216,196,C8D8C4,,
SW6450,Easy Green,158-C2,172,194,168,ACC2A8,,
SW6451,Nurture Green,158-C3,152,176,146,98B092,,
SW6452,Inland,158-C5,108,136,103,6C8867,,
SW6453,Cilantro,158-C6,83,113,80,537150,,
SW6454,Shamrock,158-C7,32,81,52,205134,,
SW6455,Fleeting Green,271-C4,216,226,216,D8E2D8,,
SW6456,Slow Green,159-C1,198,213,201,C6D5C9,,
SW6457,Kind Green,159-C2,170,194,179,AAC2B3,,
SW6458,Restful,159-C3,145,175,157,91AF9D,,
SW6459,Jadite,159-C5,97,130,108,61826C,,
SW6460,Kale Green,159-C6,79,106,86,4F6A56,,
SW6461,Isle of Pines,159-C7,61,85,65,3D5541,,
SW6462,Green Trance,271-C5,215,228,219,D7E4DB,,
SW6463,Breaktime,160-C1,196,217,206,C4D9CE,,
SW6464,Aloe,160-C2,172,202,188,ACCABC,,
SW6465,Spearmint,160-C3,148,181,166,94B5A6,,
SW6466,Grandview,160-C5,107,146,127,6B927F,,
SW6467,Kendal Green,160-C6,84,120,103,547867,,
SW6468,Hunt Club,160-C7,42,79,67,2A4F43,,
SW6470,Waterscape,169-C1,191,210,201,BFD2C9,,
SW6471,Hazel,169-C2,168,193,183,A8C1B7,,
SW6472,Composed,169-C4,126,162,152,7EA298,,
SW6473,Surf Green,169-C5,95,136,125,5F887D,,
SW6474,Raging Sea,169-C6,71,111,101,476F65,,
SW6475,Country Squire,169-C7,18,74,66,124A42,,
SW6476,Glimmer,271-C1,224,231,226,E0E7E2,,
SW6477,Tidewater,170-C1,195,215,211,C3D7D3,,
SW6478,Watery,170-C2,180,204,201,B4CCC9,,
SW6479,Drizzle,170-C4,140,174,171,8CAEAB,,
SW6480,Lagoon,170-C5,81,134,130,518682,,
SW6481,Green Bay,170-C6,46,104,100,2E6864,,
SW6482,Cape Verde,170-C7,1,85,79,01554F,,
SW6484,Meander Blue,171-C1,190,219,216,BEDBD8,,
SW6485,Raindrop,171-C2,158,198,198,9EC6C6,,
SW6486,Reflecting Pool,171-C4,123,177,178,7BB1B2,,
SW6487,Cloudburst,171-C5,92,149,152,5C9598,,
SW6488,Grand Canal,171-C6,60,121,125,3C797D,,
SW6489,Really Teal,171-C7,1,99,103,016367,,
SW6491,Open Air,172-C1,199,223,224,C7DFE0,,
SW6492,Jetstream,172-C2,176,210,214,B0D2D6,,
SW6493,Ebbtide,172-C4,132,180,190,84B4BE,,
SW6494,Lakeshore,172-C5,91,150,162,5B96A2,,
SW6495,Great Falls,172-C6,33,119,134,217786,,
SW6496,Oceanside,172-C7,1,90,107,015A6B,,
SW6497,Blue Horizon,272-C4,216,231,230,D8E7E6,,
SW6498,Byte Blue,174-C1,197,220,224,C5DCE0,,
SW6499,Stream,174-C2,173,204,211,ADCCD3,,
SW6500,Open Seas,174-C4,131,175,188,83AFBC,,
SW6501,Manitou Blue,174-C5,91,146,162,5B92A2,,
SW6502,Loch Blue,174-C6,47,119,139,2F778B,,
SW6503,Bosporus,174-C7,1,93,117,015D75,,
SW6504,Sky High,272-C1,220,231,232,DCE7E8,,
SW6505,Atmospheric,175-C1,194,218,224,C2DAE0,,
SW6506,Vast Sky,175-C2,169,201,215,A9C9D7,,
SW6507,Resolute Blue,175-C3,133,176,196,85B0C4,,
SW6508,Secure Blue,175-C5,83,137,161,5389A1,,
SW6509,Georgian Bay,175-C6,34,101,127,22657F,,
SW6510,Loyal Blue,175-C7,1,69,94,01455E,,
SW6511,Snowdrop,272-C2,224,232,231,E0E8E7,,
SW6512,Balmy,184-C1,197,216,222,C5D8DE,,
SW6513,Take Five,184-C2,179,201,211,B3C9D3,,
SW6514,Respite,184-C3,151,180,195,97B4C3,,
SW6515,Leisure Blue,184-C5,106,142,161,6A8EA1,,
SW6516,Down Pour,184-C6,67,113,139,43718B,,
SW6517,Regatta,184-C7,33,87,114,215772,,
SW6519,Hinting Blue,185-C1,206,217,221,CED9DD,,
SW6520,Honest Blue,185-C2,178,199,211,B2C7D3,,
SW6521,Notable Hue,185-C3,139,167,187,8BA7BB,,
SW6522,Sporty Blue,185-C5,106,138,164,6A8AA4,,
SW6523,Denim,185-C6,80,107,132,506B84,,
SW6524,Commodore,185-C7,37,71,106,25476A,,
SW6525,Rarified Air,273-C4,225,230,230,E1E6E6,,
SW6526,Icelandic,178-C1,203,216,225,CBD8E1,,
SW6527,Blissful Blue,178-C2,178,200,216,B2C8D8,,
SW6528,Cosmos,178-C3,142,169,194,8EA9C2,,
SW6529,Scanda,178-C5,107,140,169,6B8CA9,,
SW6530,Revel Blue,178-C6,76,107,138,4C6B8A,,
SW6531,Indigo,178-C7,40,74,112,284A70,,
SW6533,Mild Blue,186-C1,203,213,219,CBD5DB,,
SW6534,Icy,186-C2,187,199,210,BBC7D2,,
SW6535,Solitude,186-C3,153,167,184,99A7B8,,
SW6536,Searching Blue,186-C5,108,127,154,6C7F9A,,
SW6537,Luxe Blue,186-C6,81,101,130,516582,,
SW6538,Dignified,186-C7,59,73,109,3B496D,,
SW6540,Starry Night,187-C1,214,217,222,D6D9DE,,
SW6541,Daydream,187-C2,189,195,205,BDC3CD,,
SW6542,Vesper Violet,187-C3,153,160,178,99A0B2,,
SW6543,Soulful Blue,187-C5,117,124,145,757C91,,
SW6544,Mesmerize,187-C6,93,101,123,5D657B,,
SW6545,Majestic Purple,187-C7,59,60,90,3B3C5A,,
SW6547,Silver Peony,188-C1,218,214,219,DAD6DB,,
SW6548,Grape Mist,188-C2,197,192,201,C5C0C9,,
SW6549,Ash Violet,188-C3,162,155,170,A29BAA,,
SW6550,Mythical,188-C5,126,119,142,7E778E,,
SW6551,Purple Passage,188-C6,100,94,119,645E77,,
SW6552,Dewberry,188-C7,62,56,90,3E385A,,
SW6554,Lite Lavender,189-C1,224,218,223,E0DADF,,
SW6555,Enchant,189-C2,209,198,210,D1C6D2,,
SW6556,Obi Lilac,189-C3,176,163,182,B0A3B6,,
SW6557,Wood Violet,189-C5,122,107,133,7A6B85,,
SW6558,Plummy,189-C6,103,90,117,675A75,,
SW6559,Concord Grape,189-C7,68,55,87,443757,,
SW6561,Teaberry,102-C1,235,209,219,EBD1DB,,
SW6562,Irresistible,102-C2,227,192,207,E3C0CF,,
SW6563,Rosebay,102-C3,203,154,173,CB9AAD,,
SW6564,Red Clover,102-C4,184,126,147,B87E93,,
SW6565,Grandeur Plum,102-C5,146,87,111,92576F,,
SW6566,Framboise,103-C7,124,54,85,7C3655,,
SW6568,Lighthearted Pink,103-C1,237,213,221,EDD5DD,,
SW6569,Childlike,103-C2,232,192,207,E8C0CF,,
SW6570,Haute Pink,103-C3,216,153,177,D899B1,,
SW6571,Cyclamen,103-C4,196,123,149,C47B95,,
SW6572,Ruby Shade,103-C5,162,86,111,A2566F,,
SW6573,Juneberry,103-C6,133,65,88,854158,,
SW6575,Priscilla,104-C1,241,211,218,F1D3DA,,
SW6576,Azalea Flower,104-C2,239,192,203,EFC0CB,,
SW6577,Jaipur Pink,104-C3,227,146,161,E392A1,,
SW6578,Tuberose,104-C4,212,124,140,D47C8C,,
SW6579,Gala Pink,104-C5,176,75,99,B04B63,,
SW6580,Cerise,104-C7,153,50,78,99324E,,
SW6582,Impatiens Petal,105-C1,241,210,215,F1D2D7,,
SW6583,In the Pink,105-C2,240,188,201,F0BCC9,,
SW6584,Cheery,105-C3,235,146,163,EB92A3,,
SW6585,Coming up Roses,105-C4,221,119,136,DD7788,,
SW6586,Heartfelt,105-C6,189,76,95,BD4C5F,,
SW6587,Valentine,105-C7,165,58,78,A53A4E,,
SW6589,Alyssum,106-C1,242,213,215,F2D5D7,,
SW6590,Loveable,106-C2,240,193,198,F0C1C6,,
SW6591,Amaryllis,106-C3,237,147,157,ED939D,,
SW6592,Grenadine,106-C4,214,105,114,D66972,,
SW6593,Coral Bells,106-C5,187,75,81,BB4B51,,
SW6594,Poinsettia,106-C7,157,55,60,9D373C,,
SW6596,Bella Pink,107-C1,241,198,196,F1C6C4,,
SW6597,Hopeful,107-C2,240,179,178,F0B3B2,,
SW6598,Dishy Coral,107-C3,237,145,144,ED9190,,
SW6599,Begonia,107-C4,215,108,110,D76C6E,,
SW6600,Enticing Red,107-C5,183,78,79,B74E4F,,
SW6601,Tanager,107-C6,164,56,52,A43834,,
SW6603,Oleander,108-C1,242,204,197,F2CCC5,,
SW6604,Youthful Coral,108-C2,240,175,168,F0AFA8,,
SW6605,Charisma,108-C3,238,148,137,EE9489,,
SW6606,Coral Reef,108-C4,217,118,108,D9766C,,
SW6607,Red Tomato,108-C5,178,71,67,B24743,,
SW6608,Rave Red,108-C6,161,59,52,A13B34,,
SW6610,Koral Kicks,117-C1,242,209,195,F2D1C3,,
SW6611,Jovial,117-C2,242,184,167,F2B8A7,,
SW6612,Ravishing Coral,117-C3,231,149,128,E79580,,
SW6613,Lei Flower,117-C4,216,123,106,D87B6A,,
SW6614,Quite Coral,117-C5,199,99,86,C76356,,
SW6615,Peppery,117-C6,184,84,68,B85444,,
SW6617,Blushing,118-C1,240,209,195,F0D1C3,,
SW6618,Cosmetic Peach,118-C2,243,193,171,F3C1AB,,
SW6619,Sockeye,118-C3,228,151,128,E49780,,
SW6620,Rejuvenate,118-C4,221,120,97,DD7861,,
SW6621,Emotional,118-C5,198,95,71,C65F47,,
SW6622,Hearty Orange,118-C6,180,75,52,B44B34,,
SW6624,Peach Blossom,119-C1,243,208,189,F3D0BD,,
SW6625,Certain Peach,119-C2,242,189,162,F2BDA2,,
SW6626,Sunset,119-C3,226,148,111,E2946F,,
SW6627,Emberglow,119-C4,214,124,86,D67C56,,
SW6628,Robust Orange,119-C5,196,99,62,C4633E,,
SW6629,Jalapeño,119-C6,177,83,60,B1533C,,
SW6631,Naive Peach,120-C1,243,211,191,F3D3BF,,
SW6632,Neighborly Peach,120-C2,243,193,163,F3C1A3,,
SW6633,Inventive Orange,120-C3,232,157,111,E89D6F,,
SW6634,Copper Harbor,120-C4,213,126,82,D57E52,,
SW6635,Determined Orange,120-C5,197,102,57,C56639,,
SW6636,Husky Orange,120-C6,187,97,62,BB613E,,
SW6638,Flattering Peach,121-C1,244,211,179,F4D3B3,,
SW6639,Avid Apricot,121-C2,244,198,159,F4C69F,,
SW6640,Tangerine,121-C4,242,172,120,F2AC78,,
SW6641,Outgoing Orange,121-C5,230,149,95,E6955F,,
SW6642,Rhumba Orange,121-C6,203,120,65,CB7841,,
SW6643,Yam,121-C7,195,111,62,C36F3E,,
SW6644,Champagne,268-C3,242,227,206,F2E3CE,,
SW6652,Flan,122-C1,244,212,175,F4D4AF,,
SW6653,Delicious Melon,122-C2,245,200,148,F5C894,,
SW6654,Surprise Amber,122-C3,239,181,122,EFB57A,,
SW6655,Adventure Orange,122-C4,230,159,95,E69F5F,,
SW6656,Serape,122-C5,216,139,77,D88B4D,,
SW6657,Amber Wave,122-C6,210,130,64,D28240,,
SW6658,Welcome White,268-C2,243,227,202,F3E3CA,,
SW6659,Captivating Cream,123-C1,244,217,177,F4D9B1,,
SW6660,Honey Blush,123-C2,245,207,155,F5CF9B,,
SW6661,Papaya,123-C4,239,185,123,EFB97B,,
SW6662,Summer Day,123-C5,234,170,98,EAAA62,,
SW6663,Saffron Thread,123-C6,223,152,78,DF984E,,
SW6664,Marigold,123-C7,210,130,51,D28233,,
SW6665,Gardenia,268-C1,243,226,201,F3E2C9,,
SW6666,Enjoyable Yellow,132-C1,245,214,169,F5D6A9,,
SW6667,Afterglow,132-C2,246,205,142,F6CD8E,,
SW6668,Sunrise,132-C3,244,191,119,F4BF77,,
SW6669,Yarrow,132-C5,235,173,94,EBAD5E,,
SW6670,Gold Crest,132-C6,223,153,56,DF9938,,
SW6671,Curry,132-C7,216,143,50,D88F32,,
SW6672,Morning Sun,293-C1,243,230,206,F3E6CE,,
SW6673,Banana Cream,133-C1,245,222,175,F5DEAF,,
SW6674,Jonquil,133-C2,247,211,145,F7D391,,
SW6675,Afternoon,133-C4,251,203,120,FBCB78,,
SW6676,Butterfield,133-C5,247,190,91,F7BE5B,,
SW6677,Goldenrod,133-C6,242,175,70,F2AF46,,
SW6678,Sunflower,133-C7,227,154,51,E39A33,,
SW6679,Full Moon,295-C2,244,227,188,F4E3BC,,
SW6680,Friendly Yellow,135-C1,245,224,177,F5E0B1,,
SW6681,Butter Up,135-C2,246,221,163,F6DDA3,,
SW6682,June Day,135-C4,246,201,115,F6C973,,
SW6683,Bee,135-C5,241,186,85,F1BA55,,
SW6684,Brittlebush,135-C6,234,174,71,EAAE47,,
SW6685,Trinket,135-C7,214,152,53,D69835,,
SW6686,Lemon Chiffon,295-C3,245,229,188,F5E5BC,,
SW6687,Lantern Light,136-C1,244,225,174,F4E1AE,,
SW6688,Solaria,136-C2,245,214,143,F5D68F,,
SW6689,Overjoy,136-C4,238,194,95,EEC25F,,
SW6690,Gambol Gold,136-C5,225,176,71,E1B047,,
SW6691,Glitzy Gold,136-C6,214,160,43,D6A02B,,
SW6692,Auric,136-C7,196,137,25,C48919,,
SW6693,Lily,269-C6,243,232,194,F3E8C2,,
SW6694,Glad Yellow,137-C1,245,225,172,F5E1AC,,
SW6695,Midday,137-C2,247,215,138,F7D78A,,
SW6696,Quilt Gold,137-C3,234,195,101,EAC365,,
SW6697,Nugget,137-C4,219,176,74,DBB04A,,
SW6698,Kingdom Gold,137-C5,209,164,54,D1A436,,
SW6699,Crispy Gold,137-C6,196,152,50,C49832,,
SW6700,Daybreak,269-C5,243,234,198,F3EAC6,,
SW6701,Moonraker,147-C1,238,227,178,EEE3B2,,
SW6702,Lively Yellow,147-C2,230,216,142,E6D88E,,
SW6703,Frolic,147-C3,217,198,97,D9C661,,
SW6704,Hep Green,147-C5,196,177,70,C4B146,,
SW6705,High Strung,147-C6,172,152,37,AC9825,,
SW6706,Offbeat Green,147-C7,156,139,31,9C8B1F,,
SW6708,Springtime,148-C1,233,229,179,E9E5B3,,
SW6709,Gleeful,148-C2,218,215,144,DAD790,,
SW6710,Mélange Green,148-C4,196,196,118,C4C476,,
SW6711,Parakeet,148-C5,180,176,90,B4B05A,,
SW6712,Luau Green,148-C6,152,151,70,989746,,
SW6713,Verdant,148-C7,132,126,53,847E35,,
SW6715,Lime Granita,149-C1,220,225,184,DCE1B8,,
SW6716,Dancing Green,149-C2,197,205,143,C5CD8F,,
SW6717,Lime Rickey,149-C3,175,185,106,AFB96A,,
SW6718,Overt Green,149-C5,151,165,84,97A554,,
SW6719,Gecko,149-C6,122,136,51,7A8833,,
SW6720,Paradise,149-C7,108,123,48,6C7B30,,
SW6722,Cucumber,151-C1,211,223,195,D3DFC3,,
SW6723,Jardin,151-C2,189,208,171,BDD0AB,,
SW6724,Mesclun Green,151-C4,157,182,130,9DB682,,
SW6725,Pickle,151-C5,133,161,106,85A16A,,
SW6726,Talipot Palm,151-C6,100,129,73,648149,,
SW6727,Houseplant,151-C7,88,113,63,58713F,,
SW6729,Lacewing,150-C1,215,227,202,D7E3CA,,
SW6730,Romaine,150-C2,192,210,173,C0D2AD,,
SW6731,Picnic,150-C4,153,194,133,99C285,,
SW6732,Organic Green,150-C5,127,172,110,7FAC6E,,
SW6733,Grasshopper,150-C6,79,133,74,4F854A,,
SW6734,Espalier,150-C7,47,95,58,2F5F3A,,
SW6736,Jocular Green,152-C1,204,226,202,CCE2CA,,
SW6737,Kiwi,152-C2,174,210,176,AED2B0,,
SW6738,Vegan,152-C3,142,194,152,8EC298,,
SW6739,Eco Green,152-C5,104,166,120,68A678,,
SW6740,Kilkenny,152-C6,73,133,85,498555,,
SW6741,Derbyshire,152-C7,36,94,54,245E36,,
SW6743,Mint Condition,153-C1,209,227,210,D1E3D2,,
SW6744,Reclining Green,153-C2,183,215,191,B7D7BF,,
SW6745,Lark Green,153-C4,138,193,161,8AC1A1,,
SW6746,Julep,153-C5,87,170,128,57AA80,,
SW6747,Argyle,153-C6,52,138,93,348A5D,,
SW6748,Greens,153-C7,1,104,68,016844,,
SW6749,Embellished Blue,271-C6,215,235,226,D7EBE2,,
SW6750,Waterfall,162-C1,192,227,218,C0E3DA,,
SW6751,Refresh,162-C2,161,212,200,A1D4C8,,
SW6752,Larchmere,162-C4,112,186,167,70BAA7,,
SW6753,Jargon Jade,162-C5,83,163,143,53A38F,,
SW6754,Ionian,162-C6,54,137,118,368976,,
SW6755,Starboard,162-C7,1,108,79,016C4F,,
SW6757,Tame Teal,163-C1,193,230,223,C1E6DF,,
SW6758,Aqueduct,163-C2,161,213,203,A1D5CB,,
SW6759,Cooled Blue,163-C4,117,185,174,75B9AE,,
SW6760,Rivulet,163-C5,97,168,157,61A89D,,
SW6761,Thermal Spring,163-C6,59,140,128,3B8C80,,
SW6762,Poseidon,163-C7,1,109,96,016D60,,
SW6764,Swimming,164-C1,194,229,229,C2E5E5,,
SW6765,Spa,164-C2,167,220,220,A7DCDC,,
SW6766,Mariner,164-C4,110,194,196,6EC2C4,,
SW6767,Aquarium,164-C5,58,169,174,3AA9AE,,
SW6768,Gulfstream,164-C6,1,133,139,01858B,,
SW6769,Maxi Teal,164-C7,1,116,120,017478,,
SW6771,Bathe Blue,165-C1,194,224,227,C2E0E3,,
SW6772,Cay,165-C2,166,208,214,A6D0D6,,
SW6773,Rapture Blue,165-C4,125,193,203,7DC1CB,,
SW6774,Freshwater,165-C5,77,166,178,4DA6B2,,
SW6775,Briny,165-C6,8,128,142,08808E,,
SW6776,Blue Nile,165-C7,1,113,126,01717E,,
SW6778,Aviary Blue,166-C1,198,227,232,C6E3E8,,
SW6779,Liquid Blue,166-C2,166,212,222,A6D4DE,,
SW6780,Nautilus,166-C4,113,184,199,71B8C7,,
SW6781,Jamaica Bay,166-C5,52,163,182,34A3B6,,
SW6782,Cruising,166-C6,1,132,152,018498,,
SW6783,Amalfi,166-C7,1,110,133,016E85,,
SW6784,Bravo Blue,272-C5,211,231,233,D3E7E9,,
SW6785,Quench Blue,167-C1,180,224,231,B4E0E7,,
SW6786,Cloudless,167-C2,143,208,221,8FD0DD,,
SW6787,Fountain,167-C4,86,181,202,56B5CA,,
SW6788,Capri,167-C5,1,160,184,01A0B8,,
SW6789,Blue Mosque,167-C6,1,129,158,01819E,,
SW6790,Adriatic Sea,167-C7,1,96,129,016081,,
SW6792,Minor Blue,168-C1,183,223,232,B7DFE8,,
SW6793,Bluebell,168-C2,162,213,231,A2D5E7,,
SW6794,Flyway,168-C4,93,179,212,5DB3D4,,
SW6795,Major Blue,168-C5,40,158,196,289EC4,,
SW6796,Blue Plate,168-C6,1,124,167,017CA7,,
SW6797,Jay Blue,168-C7,1,93,135,015D87,,
SW6798,Iceberg,272-C6,214,228,231,D6E4E7,,
SW6799,Soar,177-C1,195,223,232,C3DFE8,,
SW6800,Something Blue,177-C2,176,214,230,B0D6E6,,
SW6801,Regale Blue,177-C4,125,181,211,7DB5D3,,
SW6802,Jacaranda,177-C5,90,158,192,5A9EC0,,
SW6803,Danube,177-C6,35,119,162,2377A2,,
SW6804,Dignity Blue,177-C7,9,76,115,094C73,,
SW6806,Rhythmic Blue,179-C1,204,219,229,CCDBE5,,
SW6807,Wondrous Blue,179-C2,184,205,221,B8CDDD,,
SW6808,Celestial,179-C3,151,179,208,97B3D0,,
SW6809,Lobelia,179-C4,116,152,190,7498BE,,
SW6810,Lupine,179-C6,78,115,159,4E739F,,
SW6811,Honorable Blue,179-C7,22,69,118,164576,,
SW6813,Wishful Blue,180-C1,216,221,230,D8DDE6,,
SW6814,Breathtaking,180-C2,199,209,226,C7D1E2,,
SW6815,Awesome Violet,180-C4,167,178,212,A7B2D4,,
SW6816,Dahlia,180-C5,139,152,196,8B98C4,,
SW6817,Gentian,180-C6,101,114,165,6572A5,,
SW6818,Valiant Violet,180-C7,62,67,113,3E4371,,
SW6820,Inspired Lilac,181-C1,223,217,228,DFD9E4,,
SW6821,Potentially Purple,181-C2,209,203,223,D1CBDF,,
SW6822,Wisteria,181-C3,189,180,212,BDB4D4,,
SW6823,Brave Purple,181-C5,150,141,184,968DB8,,
SW6824,Forget‐Me‐Not,181-C6,113,105,152,716998,,
SW6825,Izmir Purple,181-C7,77,66,110,4D426E,,
SW6827,Elation,182-C1,223,220,229,DFDCE5,,
SW6828,Rhapsody Lilac,182-C2,210,200,221,D2C8DD,,
SW6829,Magical,182-C3,192,175,208,C0AFD0,,
SW6830,Kismet,182-C5,161,138,183,A18AB7,,
SW6831,Clematis,182-C6,126,101,150,7E6596,,
SW6832,Impulsive Purple,182-C7,98,73,119,624977,,
SW6834,Spangle,183-C1,229,219,229,E5DBE5,,
SW6835,Euphoric Lilac,183-C2,218,199,218,DAC7DA,,
SW6836,Novel Lilac,183-C3,194,164,194,C2A4C2,,
SW6837,Baroness,183-C4,167,133,167,A785A7,,
SW6838,Vigorous Violet,183-C6,124,90,126,7C5A7E,,
SW6839,Kimono Violet,183-C7,93,57,95,5D395F,,
SW6840,Exuberant Pink,101-C1,181,77,127,B54D7F,,
SW6841,Dynamo,102-C6,149,61,104,953D68,,
SW6842,Forward Fuchsia,102-C7,146,52,91,92345B,,
SW6843,Hot,104-C6,172,67,98,AC4362,,
SW6855,Dragon Fruit,101-C2,204,97,127,CC617F,,
SW6860,Eros Pink,105-C5,200,79,104,C84F68,,
SW6861,Radish,101-C4,164,46,65,A42E41,,
SW6862,Cherries Jubilee,101-C3,171,60,81,AB3C51,,
SW6866,Heartthrob,101-C5,168,46,51,A82E33,,
SW6868,Real Red,101-C6,191,45,50,BF2D32,,
SW6869,Stop,116-C1,195,58,54,C33A36,,
SW6871,Positive Red,101-C7,173,44,52,AD2C34,,
SW6876,Comical Coral,268-C7,243,209,200,F3D1C8,,
SW6881,Cayenne,118-C7,192,77,53,C04D35,,
SW6883,Raucous Orange,120-C7,195,85,48,C35530,,
SW6884,Obstinate Orange,116-C2,215,85,42,D7552A,,
SW6885,Knockout Orange,116-C3,225,111,62,E16F3E,,
SW6886,Invigorate,116-C4,228,114,55,E47237,,
SW6887,Navel,116-C5,236,132,48,EC8430,,
SW6890,Osage Orange,116-C7,244,160,69,F4A045,,
SW6892,Carnival,116-C6,235,136,44,EB882C,,
SW6896,Solé,295-C5,247,221,161,F7DDA1,,
SW6900,Optimistic Yellow,295-C4,245,225,166,F5E1A6,,
SW6901,Daffodil,269-C7,250,217,122,FAD97A,,
SW6902,Decisive Yellow,131-C3,253,204,78,FDCC4E,,
SW6903,Cheerful,134-C7,255,199,35,FFC723,,
SW6904,Gusto Gold,131-C1,248,172,29,F8AC1D,,
SW6905,Goldfinch,131-C2,253,183,2,FDB702,,
SW6907,Forsythia,131-C4,255,200,1,FFC801,,
SW6908,Fun Yellow,138-C4,247,229,148,F7E594,,
SW6909,Lemon Twist,131-C5,254,217,93,FED95D,,
SW6910,Daisy,131-C6,254,211,64,FED340,,
SW6911,Confident Yellow,131-C7,254,203,1,FECB01,,
SW6913,Funky Yellow,138-C5,237,210,111,EDD26F,,
SW6914,Eye Catching,138-C6,221,184,53,DDB835,,
SW6915,Citronella,138-C7,203,169,1,CBA901,,
SW6918,Humorous Green,146-C1,198,184,54,C6B836,,
SW6920,Center Stage,146-C2,178,194,22,B2C216,,
SW6921,Electric Lime,146-C3,154,186,37,9ABA25,,
SW6924,Direct Green,146-C4,63,138,36,3F8A24,,
SW6925,Envy,146-C5,53,140,63,358C3F,,
SW6926,Lucky Green,146-C6,35,134,82,238652,,
SW6927,Greenbelt,146-C7,1,114,68,017244,,
SW6928,Green Vibes,270-C7,212,231,195,D4E7C3,,
SW6937,Tantalizing Teal,271-C7,135,220,206,87DCCE,,
SW6941,Nifty Turquoise,161-C2,1,145,135,019187,,
SW6942,Splashy,161-C3,1,145,150,019196,,
SW6943,Intense Teal,161-C4,1,118,128,017680,,
SW6950,Calypso,161-C5,1,176,187,01B0BB,,
SW6957,Undercool,272-C7,127,195,225,7FC3E1,,
SW6958,Dynamic Blue,161-C6,1,146,198,0192C6,,
SW6959,Blue Chip,176-C1,1,110,167,016EA7,,
SW6965,Hyper Blue,161-C7,1,95,151,015F97,,
SW6966,Blueblood,176-C2,1,80,134,015086,,
SW6967,Frank Blue,176-C3,34,82,136,225288,,
SW6968,Hyacinth Tint,273-C7,194,203,224,C2CBE0,,
SW6971,Morning Glory,176-C4,60,76,128,3C4C80,,
SW6973,Free Spirit,274-C7,202,178,210,CAB2D2,,
SW6981,Passionate Purple,176-C7,121,84,132,795484,,
SW6982,African Violet,176-C6,102,83,133,665385,,
SW6983,Fully Purple,176-C5,81,76,126,514C7E,,
SW6987,Jitterbug Jade,161-C1,1,157,110,019D6E,,
SW6988,Bohemian Black,252-C6,59,55,60,3B373C,,
SW6989,Domino,252-C5,53,51,55,353337,,
SW6990,Caviar,251-C2,49,48,49,313031,,
SW6991,Black Magic,251-C3,50,49,50,323132,,
SW6992,Inkwell,251-C4,49,54,58,31363A,,
SW6993,Black of Night,251-C5,50,54,57,323639,,
SW6994,Greenblack,251-C6,55,58,58,373A3A,,
SW7000,Ibis White,260-C2,242,236,230,F2ECE6,,
SW7001,Marshmallow,267-C1,238,233,224,EEE9E0,,
SW7002,Downy,267-C3,239,232,221,EFE8DD,,
SW7003,Toque White,256-C3,231,226,218,E7E2DA,,
SW7004,Snowbound,256-C2,237,234,229,EDEAE5,,
SW7005,Pure White,255-C1,237,236,230,EDECE6,,
SW7006,Extra White,257-C1,238,239,234,EEEFEA,,
SW7007,Ceiling Bright White,257-C2,233,235,231,E9EBE7,,
SW7008,Alabaster,255-C2,237,234,224,EDEAE0,,
SW7009,Pearly White,254-C2,232,227,217,E8E3D9,,
SW7010,White Duck,254-C5,229,223,210,E5DFD2,,
SW7011,Natural Choice,254-C6,227,222,208,E3DED0,,
SW7012,Creamy,261-C3,239,232,219,EFE8DB,,
SW7013,Ivory Lace,254-C3,236,229,216,ECE5D8,,
SW7014,Eider White,256-C5,226,222,216,E2DED8,,
SW7015,Repose Gray,244-C1,204,201,192,CCC9C0,,
SW7016,Mindful Gray,244-C2,188,183,173,BCB7AD,,
SW7017,Dorian Gray,244-C3,172,167,158,ACA79E,,
SW7018,Dovetail,244-C5,144,138,131,908A83,,
SW7019,Gauntlet Gray,244-C6,120,115,110,78736E,,
SW7020,Black Fox,244-C7,79,72,66,4F4842,,
SW7021,Simple White,260-C7,223,217,210,DFD9D2,,
SW7022,Alpaca,241-C1,204,197,189,CCC5BD,,
SW7023,Requisite Gray,241-C2,185,178,169,B9B2A9,,
SW7024,Functional Gray,241-C3,171,163,154,ABA39A,,
SW7025,Backdrop,241-C5,134,122,111,867A6F,,
SW7026,Griffin,241-C6,111,100,89,6F6459,,
SW7027,Well‐Bred Brown,241-C7,86,69,55,564537,,
SW7028,Incredible White,256-C4,227,222,215,E3DED7,,
SW7029,Agreeable Gray,243-C1,209,203,193,D1CBC1,,
SW7030,Anew Gray,243-C2,191,182,170,BFB6AA,,
SW7031,Mega Greige,243-C3,173,162,149,ADA295,,
SW7032,Warm Stone,243-C5,136,123,108,887B6C,,
SW7033,Brainstorm Bronze,243-C6,116,104,90,74685A,,
SW7034,Status Bronze,243-C7,92,77,60,5C4D3C,,
SW7035,Aesthetic White,259-C4,227,221,211,E3DDD3,,
SW7036,Accessible Beige,249-C1,209,199,184,D1C7B8,,
SW7037,Balanced Beige,249-C2,192,178,162,C0B2A2,,
SW7038,Tony Taupe,249-C3,177,162,144,B1A290,,
SW7039,Virtual Taupe,249-C5,138,122,106,8A7A6A,,
SW7040,Smokehouse,249-C6,113,99,84,716354,,
SW7041,Van Dyke Brown,249-C7,86,69,54,564536,,
SW7042,Shoji White,254-C4,230,223,211,E6DFD3,,
SW7043,Worldly Gray,245-C1,206,198,187,CEC6BB,,
SW7044,Amazing Gray,245-C2,190,181,169,BEB5A9,,
SW7045,Intellectual Gray,245-C3,168,160,147,A8A093,,
SW7046,Anonymous,245-C5,129,122,110,817A6E,,
SW7047,Porpoise,245-C6,107,100,91,6B645B,,
SW7048,Urbane Bronze,245-C7,84,80,74,54504A,,
SW7049,Nuance,258-C7,226,224,214,E2E0D6,,
SW7050,Useful Gray,246-C1,207,202,189,CFCABD,,
SW7051,Analytical Gray,246-C2,191,182,167,BFB6A7,,
SW7052,Gray Area,246-C3,175,166,150,AFA696,,
SW7053,Adaptive Shade,246-C5,134,126,112,867E70,,
SW7054,Suitable Brown,246-C6,100,90,75,645A4B,,
SW7055,Enduring Bronze,246-C7,85,76,62,554C3E,,
SW7056,Reserved White,258-C2,224,224,217,E0E0D9,,
SW7057,Silver Strand,237-C1,200,203,196,C8CBC4,,
SW7058,Magnetic Gray,237-C2,178,181,175,B2B5AF,,
SW7059,Unusual Gray,237-C3,163,167,160,A3A7A0,,
SW7060,Attitude Gray,237-C5,124,125,117,7C7D75,,
SW7061,Night Owl,237-C6,99,101,95,63655F,,
SW7062,Rock Bottom,278-C2,72,76,73,484C49,,
SW7063,Nebulous White,257-C5,222,223,220,DEDFDC,,
SW7064,Passive,236-C1,203,204,201,CBCCC9,,
SW7065,Argos,236-C2,189,189,183,BDBDB7,,
SW7066,Gray Matters,236-C3,167,168,162,A7A8A2,,
SW7067,Cityscape,236-C5,127,129,126,7F817E,,
SW7068,Grizzle Gray,236-C6,99,101,98,636562,,
SW7069,Iron Ore,251-C7,67,67,65,434341,,
SW7070,Site White,257-C7,220,222,220,DCDEDC,,
SW7071,Gray Screen,235-C1,198,202,202,C6CACA,,
SW7072,Online,235-C2,176,181,181,B0B5B5,,
SW7073,Network Gray,235-C3,160,165,167,A0A5A7,,
SW7074,Software,235-C5,127,132,134,7F8486,,
SW7075,Web Gray,235-C6,97,102,105,616669,,
SW7076,Cyberspace,235-C7,68,72,77,44484D,,
SW7077,Original White,274-C6,226,222,219,E2DEDB,,
SW7078,Minute Mauve,227-C1,207,201,200,CFC9C8,,
SW7079,Ponder,227-C2,188,182,182,BCB6B6,,
SW7080,Quest Gray,227-C3,173,165,165,ADA5A5,,
SW7081,Sensuous Gray,227-C5,131,125,127,837D7F,,
SW7082,Stunning Shade,227-C6,103,96,100,676064,,
SW7083,Darkroom,227-C7,68,62,64,443E40,,
SW7100,Arcade White,260-C1,243,238,231,F3EEE7,,
SW7101,Futon,267-C4,237,230,219,EDE6DB,,
SW7102,White Flour,267-C2,244,239,229,F4EFE5,,
SW7103,Whitetail,261-C1,244,239,228,F4EFE4,,
SW7104,Cotton White,265-C1,247,239,227,F7EFE3,,
SW7105,Paperwhite,262-C1,247,239,222,F7EFDE,,
SW7106,Honied White,262-C2,248,238,219,F8EEDB,,
SW7501,Threshold Taupe,250-C5,172,154,138,AC9A8A,,
SW7502,Dry Dock,250-C6,161,141,125,A18D7D,,
SW7503,Sticks & Stones,283-C6,164,150,137,A49689,,
SW7504,Keystone Gray,243-C4,158,146,132,9E9284,,
SW7505,Manor House,240-C7,102,93,87,665D57,,
SW7506,Loggia,248-C2,196,183,165,C4B7A5,,
SW7507,Stone Lion,248-C3,179,164,145,B3A491,,
SW7508,Tavern Taupe,248-C6,156,138,121,9C8A79,,
SW7509,Tiki Hut,250-C7,130,111,94,826F5E,,
SW7510,Chateau Brown,242-C7,91,75,68,5B4B44,,
SW7511,Bungalow Beige,250-C2,205,191,176,CDBFB0,,
SW7512,Pavilion Beige,250-C4,197,182,164,C5B6A4,,
SW7513,Sanderling,248-C5,167,149,130,A79582,,
SW7514,Foothills,248-C7,130,116,102,827466,,
SW7515,Homestead Brown,277-C5,110,95,83,6E5F53,,
SW7516,Kestrel White,266-C5,224,214,200,E0D6C8,,
SW7517,China Doll,250-C1,219,206,189,DBCEBD,,
SW7518,Beach House,288-C3,201,178,156,C9B29C,,
SW7519,Mexican Sand,288-C4,175,151,129,AF9781,,
SW7520,Plantation Shutters,277-C1,106,81,67,6A5143,,
SW7521,Dormer Brown,288-C5,173,148,124,AD947C,,
SW7522,Meadowlark,288-C6,159,130,103,9F8267,,
SW7523,Burnished Brandy,292-C7,124,92,67,7C5C43,,
SW7524,Dhurrie Beige,250-C3,202,186,168,CABAA8,,
SW7525,Tree Branch,288-C7,138,115,98,8A7362,,
SW7526,Maison Blanche,288-C1,223,210,191,DFD2BF,,
SW7527,Nantucket Dune,285-C2,208,191,170,D0BFAA,,
SW7528,Windsor Greige,285-C5,196,180,156,C4B49C,,
SW7529,Sand Beach,285-C1,212,197,173,D4C5AD,,
SW7530,Barcelona Beige,285-C4,196,179,156,C4B39C,,
SW7531,Canvas Tan,261-C6,220,209,191,DCD1BF,,
SW7532,Urban Putty,285-C3,207,192,171,CFC0AB,,
SW7533,Khaki Shade,285-C6,192,175,151,C0AF97,,
SW7534,Outerbanks,284-C4,183,164,139,B7A48B,,
SW7535,Sandy Ridge,284-C6,161,142,119,A18E77,,
SW7536,Bittersweet Stem,292-C3,203,180,154,CBB49A,,
SW7537,Irish Cream,265-C7,227,210,184,E3D2B8,,
SW7538,Tamarind,289-C5,192,165,136,C0A588,,
SW7539,Cork Wedge,292-C4,193,169,138,C1A98A,,
SW7540,Artisan Tan,292-C6,176,152,121,B09879,,
SW7541,Grecian Ivory,247-C1,216,207,190,D8CFBE,,
SW7542,Naturel,286-C3,203,192,173,CBC0AD,,
SW7543,Avenue Tan,286-C4,188,176,153,BCB099,,
SW7544,Fenland,210-C4,172,157,131,AC9D83,,
SW7545,Pier,277-C6,99,82,61,63523D,,
SW7546,Prairie Grass,286-C5,177,163,142,B1A38E,,
SW7547,Sandbar,284-C2,203,191,173,CBBFAD,,
SW7548,Portico,284-C3,187,171,149,BBAB95,,
SW7549,Studio Taupe,284-C5,173,156,133,AD9C85,,
SW7550,Resort Tan,284-C7,144,125,102,907D66,,
SW7551,Greek Villa,254-C1,240,236,226,F0ECE2,,
SW7552,Bauhaus Buff,266-C6,231,219,204,E7DBCC,,
SW7553,Fragile Beauty,265-C6,231,215,198,E7D7C6,,
SW7554,Steamed Milk,266-C1,236,225,209,ECE1D1,,
SW7555,Patience,261-C7,226,211,191,E2D3BF,,
SW7556,Crème,262-C4,244,232,210,F4E8D2,,
SW7557,Summer White,262-C3,244,233,214,F4E9D6,,
SW7558,Medici Ivory,265-C2,243,233,215,F3E9D7,,
SW7559,Décor White,262-C5,242,229,207,F2E5CF,,
SW7560,Impressive Ivory,293-C2,244,222,195,F4DEC3,,
SW7561,Lemon Meringue,295-C1,245,234,204,F5EACC,,
SW7562,Roman Column,263-C1,246,240,226,F6F0E2,,
SW7563,Restful White,263-C3,238,232,215,EEE8D7,,
SW7564,Polar Bear,263-C4,232,223,202,E8DFCA,,
SW7565,Oyster Bar,286-C1,219,208,187,DBD0BB,,
SW7566,Westhighland White,255-C3,243,238,227,F3EEE3,,
SW7567,Natural Tan,284-C1,220,210,195,DCD2C3,,
SW7568,Neutral Ground,261-C5,226,218,202,E2DACA,,
SW7569,Stucco,286-C2,220,207,186,DCCFBA,,
SW7570,Egret White,255-C4,223,217,207,DFD9CF,,
SW7571,Casa Blanca,264-C4,237,225,206,EDE1CE,,
SW7572,Lotus Pod,264-C6,231,215,194,E7D7C2,,
SW7573,Eaglet Beige,262-C7,233,217,192,E9D9C0,,
SW7574,Echelon Ecru,264-C7,231,216,190,E7D8BE,,
SW7575,Chopsticks,263-C7,224,209,184,E0D1B8,,
SW7577,Blackberry,109-C7,83,54,64,533640,,
SW7578,Borscht,276-C2,114,53,61,72353D,,
SW7579,Alaea,276-C1,129,88,91,81585B,,
SW7580,Carnelian,276-C6,87,62,62,573E3E,,
SW7582,Salute,275-C2,128,53,50,803532,,
SW7583,Wild Currant,275-C3,124,50,57,7C3239,,
SW7584,Red Theatre,276-C3,110,54,55,6E3637,,
SW7585,Sun Dried Tomato,275-C4,105,43,43,692B2B,,
SW7586,Stolen Kiss,275-C1,129,50,53,813235,,
SW7587,Antique Red,107-C7,159,68,66,9F4442,,
SW7588,Show Stopper,106-C6,164,46,55,A42E37,,
SW7589,Habanero Chile,117-C7,184,71,61,B8473D,,
SW7591,Red Barn,275-C7,124,69,61,7C453D,,
SW7592,Crabby Apple,275-C5,117,53,49,753531,,
SW7593,Rustic Red,275-C6,112,50,41,703229,,
SW7594,Carriage Door,276-C4,110,66,62,6E423E,,
SW7595,Sommelier,276-C5,93,55,54,5D3736,,
SW7596,Only Natural,266-C7,226,211,196,E2D3C4,,
SW7598,Sierra Redwood,125-C7,146,78,60,924E3C,,
SW7599,Brick Paver,119-C7,147,64,47,93402F,,
SW7600,Bolero,108-C7,144,57,52,903934,,
SW7601,Dockside Blue,280-C1,160,179,188,A0B3BC,,
SW7602,Indigo Batik,224-C7,62,80,99,3E5063,,
SW7603,Poolhouse,280-C3,128,149,160,8095A0,,
SW7604,Smoky Blue,233-C7,89,110,121,596E79,,
SW7605,Gale Force,279-C3,53,69,78,35454E,,
SW7606,Blue Cruise,280-C4,101,145,168,6591A8,,
SW7607,Santorini Blue,279-C6,65,109,131,416D83,,
SW7608,Adrift,280-C2,135,170,185,87AAB9,,
SW7609,Georgian Revival Blue,280-C5,91,141,159,5B8D9F,,
SW7610,Turkish Tile,280-C6,62,117,138,3E758A,,
SW7611,Tranquil Aqua,281-C4,124,154,160,7C9AA0,,
SW7612,Mountain Stream,281-C5,103,145,153,679199,,
SW7613,Aqua‐Sphere,281-C3,156,176,179,9CB0B3,,
SW7614,St. Bart's,280-C7,87,124,136,577C88,,
SW7615,Sea Serpent,234-C7,62,75,84,3E4B54,,
SW7616,Breezy,281-C2,160,174,175,A0AEAF,,
SW7617,Mediterranean,281-C6,96,121,125,60797D,,
SW7618,Deep Sea Dive,279-C5,55,97,103,376167,,
SW7619,Labradorite,281-C7,101,123,131,657B83,,
SW7620,Seaworthy,279-C4,49,77,88,314D58,,
SW7621,Silvermist,281-C1,176,184,178,B0B8B2,,
SW7622,Homburg Gray,238-C7,102,109,105,666D69,,
SW7623,Cascades,279-C1,39,62,62,273E3E,,
SW7624,Slate Tile,233-C6,96,110,116,606E74,,
SW7625,Mount Etna,279-C2,61,72,76,3D484C,,
SW7626,Zurich White,259-C2,230,225,217,E6E1D9,,
SW7627,White Heron,259-C5,231,225,215,E7E1D7,,
SW7628,Windfresh White,259-C7,222,216,207,DED8CF,,
SW7629,Grapy,282-C7,120,110,112,786E70,,
SW7630,Raisin,252-C3,57,43,45,392B2D,,
SW7631,City Loft,259-C6,223,218,209,DFDAD1,,
SW7632,Modern Gray,283-C1,214,206,195,D6CEC3,,
SW7633,Taupe Tone,248-C4,173,160,144,ADA090,,
SW7634,Pediment,255-C5,211,204,196,D3CCC4,,
SW7635,Palisade,283-C7,170,158,149,AA9E95,,
SW7636,Origami White,259-C3,229,226,218,E5E2DA,,
SW7637,Oyster White,254-C7,226,221,208,E2DDD0,,
SW7638,Jogging Path,247-C2,192,185,169,C0B9A9,,
SW7639,Ethereal Mood,247-C4,174,165,148,AEA594,,
SW7640,Fawn Brindle,247-C5,167,160,148,A7A094,,
SW7641,Colonnade Gray,283-C2,198,192,182,C6C0B6,,
SW7642,Pavestone,283-C5,160,153,143,A0998F,,
SW7643,Pussywillow,283-C4,178,173,164,B2ADA4,,
SW7644,Gateway Gray,247-C3,178,172,156,B2AC9C,,
SW7645,Thunder Gray,278-C1,87,83,76,57534C,,
SW7646,First Star,256-C6,218,217,212,DAD9D4,,
SW7647,Crushed Ice,255-C6,214,211,204,D6D3CC,,
SW7648,Big Chill,256-C7,208,206,201,D0CEC9,,
SW7649,Silverplate,239-C5,194,192,186,C2C0BA,,
SW7650,Ellie Gray,239-C6,170,169,164,AAA9A4,,
SW7651,Front Porch,239-C3,204,204,197,CCCCC5,,
SW7652,Mineral Deposit,238-C4,171,176,172,ABB0AC,,
SW7653,Silverpointe,239-C1,209,210,203,D1D2CB,,
SW7654,Lattice,239-C2,206,206,198,CECEC6,,
SW7655,Stamped Concrete,239-C7,160,160,154,A0A09A,,
SW7656,Rhinestone,257-C4,222,224,222,DEE0DE,,
SW7657,Tinsmith,239-C4,197,200,196,C5C8C4,,
SW7658,Gray Clouds,238-C3,183,183,178,B7B7B2,,
SW7659,Gris,238-C5,165,169,168,A5A9A8,,
SW7660,Earl Grey,238-C6,150,154,150,969A96,,
SW7661,Reflection,233-C1,211,213,211,D3D5D3,,
SW7662,Evening Shadow,233-C2,201,204,205,C9CCCD,,
SW7663,Monorail Silver,233-C3,184,188,187,B8BCBB,,
SW7664,Steely Gray,233-C4,144,151,155,90979B,,
SW7665,Wall Street,233-C5,101,109,115,656D73,,
SW7666,Fleur de Sel,258-C3,220,221,216,DCDDD8,,
SW7667,Zircon,282-C1,202,201,198,CAC9C6,,
SW7668,March Wind,282-C3,186,185,182,BAB9B6,,
SW7669,Summit Gray,282-C5,149,148,145,959491,,
SW7670,Gray Shingle,282-C6,148,147,146,949392,,
SW7671,On the Rocks,255-C7,208,206,200,D0CEC8,,
SW7672,Knitting Needles,282-C2,195,193,188,C3C1BC,,
SW7673,Pewter Cast,282-C4,155,152,147,9B9893,,
SW7674,Peppercorn,236-C7,88,88,88,585858,,
SW7675,Sealskin,277-C7,72,66,60,48423C,,
SW7676,Paper Lantern,294-C1,242,224,196,F2E0C4,,
SW7677,Gold Vessel,293-C5,234,186,138,EABA8A,,
SW7678,Cottage Cream,296-C2,237,219,189,EDDBBD,,
SW7679,Golden Gate,293-C6,217,173,127,D9AD7F,,
SW7680,Lanyard,293-C7,192,153,114,C09972,,
SW7681,Tea Light,294-C2,248,228,194,F8E4C2,,
SW7682,Bee's Wax,130-C3,234,191,134,EABF86,,
SW7683,Buff,296-C1,241,223,193,F1DFC1,,
SW7684,Concord Buff,294-C4,237,214,177,EDD6B1,,
SW7685,White Raisin,295-C6,229,194,139,E5C28B,,
SW7686,Hinoki,294-C3,248,221,183,F8DDB7,,
SW7687,August Moon,294-C5,231,199,160,E7C7A0,,
SW7688,Sundew,289-C1,225,205,174,E1CDAE,,
SW7689,Row House Tan,292-C2,210,187,157,D2BB9D,,
SW7690,Townhall Tan,292-C5,195,170,140,C3AA8C,,
SW7691,Biltmore Buff,296-C4,227,201,161,E3C9A1,,
SW7692,Cupola Yellow,295-C7,220,188,142,DCBC8E,,
SW7693,Stonebriar,294-C6,203,169,126,CBA97E,,
SW7694,Dromedary Camel,290-C2,202,173,135,CAAD87,,
SW7695,Mesa Tan,294-C7,189,156,119,BD9C77,,
SW7696,Toasted Pine Nut,296-C5,220,198,166,DCC6A6,,
SW7697,Safari,296-C6,204,177,139,CCB18B,,
SW7698,Straw Harvest,296-C3,219,200,162,DBC8A2,,
SW7699,Rustic City,296-C7,186,154,103,BA9A67,,
SW7700,Olde World Gold,137-C7,143,108,62,8F6C3E,,
SW7701,Cavern Clay,290-C6,172,107,83,AC6B53,,
SW7702,Spiced Cider,290-C5,176,120,92,B0785C,,
SW7703,Earthen Jug,122-C7,168,94,57,A85E39,,
SW7704,Tower Tan,289-C3,213,181,155,D5B59B,,
SW7705,Wheat Penny,287-C6,151,107,83,976B53,,
SW7707,Copper Wire,290-C7,198,123,87,C67B57,,
SW7709,Copper Pot,128-C7,177,106,55,B16A37,,
SW7710,Brandywine,287-C7,165,108,74,A56C4A,,
SW7711,Pueblo,287-C2,230,208,189,E6D0BD,,
SW7712,Townhouse Tan,287-C3,223,200,181,DFC8B5,,
SW7713,Tawny Tan,287-C4,204,178,153,CCB299,,
SW7714,Oak Barrel,289-C4,191,162,135,BFA287,,
SW7715,Pottery Urn,287-C5,170,134,110,AA866E,,
SW7716,Croissant,289-C2,219,197,167,DBC5A7,,
SW7717,Ligonier Tan,290-C1,210,177,143,D2B18F,,
SW7718,Oak Creek,290-C4,187,141,107,BB8D6B,,
SW7719,Fresco Cream,288-C2,216,196,174,D8C4AE,,
SW7720,Deer Valley,290-C3,199,164,133,C7A485,,
SW7721,Crescent Cream,293-C4,237,209,177,EDD1B1,,
SW7722,Travertine,293-C3,236,211,179,ECD3B3,,
SW7723,Colony Buff,292-C1,221,198,171,DDC6AB,,
SW7724,Canoe,289-C6,183,152,123,B7987B,,
SW7725,Yearling,289-C7,173,137,106,AD896A,,
SW7726,Lemon Verbena,297-C4,157,152,111,9D986F,,
SW7727,Koi Pond,298-C2,185,178,146,B9B292,,
SW7728,Green Sprout,298-C4,162,159,128,A29F80,,
SW7729,Edamame,297-C6,130,124,90,827C5A,,
SW7730,Forestwood,278-C5,77,83,70,4D5346,,
SW7731,San Antonio Sage,285-C7,166,148,116,A69474,,
SW7732,Lemongrass,297-C1,200,189,152,C8BD98,,
SW7733,Bamboo Shoot,297-C3,179,164,121,B3A479,,
SW7734,Olive Grove,297-C5,133,124,93,857C5D,,
SW7735,Palm Leaf,278-C7,99,89,54,635936,,
SW7736,Garden Sage,297-C2,177,165,132,B1A584,,
SW7737,Meadow Trail,286-C7,141,129,104,8D8168,,
SW7738,Cargo Pants,298-C1,205,196,174,CDC4AE,,
SW7739,Herbal Wash,298-C7,164,155,130,A49B82,,
SW7740,Messenger Bag,297-C7,125,116,94,7D745E,,
SW7741,Willow Tree,298-C5,170,173,156,AAAD9C,,
SW7742,Agate Green,158-C4,142,164,134,8EA486,,
SW7743,Mountain Road,247-C7,134,133,120,868578,,
SW7744,Zeus,286-C6,153,144,126,99907E,,
SW7745,Muddled Basil,211-C7,90,82,67,5A5243,,
SW7746,Rushing River,247-C6,161,156,143,A19C8F,,
SW7747,Recycled Glass,298-C3,189,192,160,BDC0A0,,
SW7748,Green Earth,298-C6,154,152,131,9A9883,,
SW7749,Laurel Woods,237-C7,68,73,61,44493D,,
SW7750,Olympic Range,278-C4,66,76,68,424C44,,
SW7757,High Reflective White,256-C1,247,247,241,F7F7F1,,
SW8917,Shell White,264-C1,240,235,224,F0EBE0,,
SW9001,Audrey's Blush,110-C4,174,128,135,AE8087,,
SW9002,Carley's Rose,111-C4,168,115,118,A87376,,
SW9003,Rita's Rouge,112-C4,186,113,118,BA7176,,
SW9004,Coral Rose,113-C4,195,127,122,C37F7A,,
SW9005,Coral Clay,114-C4,191,121,110,BF796E,,
SW9006,Rojo Dust,115-C4,181,116,102,B57466,,
SW9007,Melón Meloso,121-C3,242,184,140,F2B88C,,
SW9008,Bellini Fizz,123-C3,245,199,142,F5C78E,,
SW9009,Subdued Sienna,124-C4,204,137,108,CC896C,,
SW9010,Windswept Canyon,126-C3,219,164,128,DBA480,,
SW9011,Sun Bleached Ochre,127-C3,227,171,123,E3AB7B,,
SW9012,Polvo de Oro,129-C3,232,184,127,E8B87F,,
SW9013,Olden Amber,132-C4,238,183,107,EEB76B,,
SW9014,Pollen Powder,133-C3,251,209,135,FBD187,,
SW9015,They call it Mellow,134-C1,251,228,179,FBE4B3,,
SW9016,La Luna Amarilla,134-C2,253,223,160,FDDFA0,,
SW9017,Sunny Veranda,134-C3,254,223,148,FEDF94,,
SW9018,Honey Bees,134-C4,251,214,130,FBD682,,
SW9019,Golden Plumeria,134-C5,251,208,115,FBD073,,
SW9020,Rayo de Sol,134-C6,244,196,84,F4C454,,
SW9021,Naples Yellow,135-C3,246,213,143,F6D58F,,
SW9022,Yellow Bird,136-C3,241,205,123,F1CD7B,,
SW9023,Dakota Wheat,139-C3,225,189,142,E1BD8E,,
SW9024,Vintage Gold,140-C4,203,165,118,CBA576,,
SW9025,Coriander Powder,141-C4,186,156,117,BA9C75,,
SW9026,Tarnished Trumpet,142-C3,213,177,118,D5B176,,
SW9027,Pale Moss,143-C2,220,199,151,DCC797,,
SW9028,Dusted Olive,144-C3,190,167,117,BEA775,,
SW9029,Cool Avocado,145-C3,196,180,125,C4B47D,,
SW9030,Limón Fresco,147-C4,206,188,85,CEBC55,,
SW9031,Primavera,148-C3,210,208,131,D2D083,,
SW9032,Stay in Lime,149-C4,159,172,92,9FAC5C,,
SW9033,Oh Pistachio,150-C3,171,202,153,ABCA99,,
SW9034,Seawashed Glass,151-C3,169,192,149,A9C095,,
SW9035,Frosted Emerald,152-C4,120,177,133,78B185,,
SW9036,Retro Mint,153-C3,159,205,177,9FCDB1,,
SW9037,Baby Bok Choy,154-C3,187,185,138,BBB98A,,
SW9038,Cucuzza Verde,155-C4,155,163,115,9BA373,,
SW9039,Broccoflower,156-C4,143,162,119,8FA277,,
SW9040,Reseda Green,157-C4,117,148,107,75946B,,
SW9041,Parisian Patina,159-C4,125,155,137,7D9B89,,
SW9042,Verdigreen,160-C4,129,165,149,81A595,,
SW9043,Aquastone,162-C3,137,198,183,89C6B7,,
SW9044,Little Blue Box,163-C3,138,197,186,8AC5BA,,
SW9045,Bora Bora Shore,164-C3,146,208,208,92D0D0,,
SW9046,Gentle Aquamarine,165-C3,151,203,210,97CBD2,,
SW9047,After the Rain,166-C3,139,196,209,8BC4D1,,
SW9048,Surfin',167-C3,115,192,210,73C0D2,,
SW9049,Sky Fall,168-C3,137,198,223,89C6DF,,
SW9050,Vintage Vessel,169-C3,148,178,166,94B2A6,,
SW9051,Aquaverde,170-C3,163,192,189,A3C0BD,,
SW9052,Blithe Blue,171-C3,144,189,189,90BDBD,,
SW9053,Agua Fría,172-C3,159,197,204,9FC5CC,,
SW9054,Little Boy Blu,173-C1,199,216,219,C7D8DB,,
SW9055,Billowy Breeze,173-C2,175,199,205,AFC7CD,,
SW9056,French Moire,173-C3,159,187,195,9FBBC3,,
SW9057,Aquitaine,173-C4,136,171,180,88ABB4,,
SW9058,Secret Cove,173-C5,104,144,157,68909D,,
SW9059,Silken Peacock,173-C6,66,117,132,427584,,
SW9060,Connor's Lakefront,173-C7,23,90,108,175A6C,,
SW9061,Rest Assured,174-C3,155,191,201,9BBFC9,,
SW9062,Bluebird Feather,175-C4,111,157,179,6F9DB3,,
SW9063,Porch Ceiling,177-C3,155,200,222,9BC8DE,,
SW9064,Bluesy Note,178-C4,124,154,181,7C9AB5,,
SW9065,Perfect Periwinkle,179-C5,100,135,176,6487B0,,
SW9066,Agapanthus,180-C3,187,197,222,BBC5DE,,
SW9067,Forever Lilac,181-C4,175,165,199,AFA5C7,,
SW9068,Berry Frappé,182-C4,179,161,198,B3A1C6,,
SW9069,Veri Berri,183-C5,147,116,150,937496,,
SW9070,Baby Blue Eyes,184-C4,131,162,180,83A2B4,,
SW9071,Dyer's Woad,185-C4,123,153,176,7B99B0,,
SW9072,Dried Lavender,186-C4,133,149,170,8595AA,,
SW9073,Dusty Heather,187-C4,137,144,163,8990A3,,
SW9074,Gentle Grape,188-C4,144,138,155,908A9B,,
SW9075,Berry Cream,189-C4,154,140,162,9A8CA2,,
SW9076,Ruby Violet,190-C4,155,126,139,9B7E8B,,
SW9077,Rosaline Pearl,191-C4,163,136,135,A38887,,
SW9078,Cocoa Berry,192-C4,160,136,130,A08882,,
SW9079,Velvety Chestnut,193-C4,162,135,125,A2877D,,
SW9080,Hushed Auburn,194-C4,168,133,122,A8857A,,
SW9081,Redend Point,195-C4,174,142,126,AE8E7E,,
SW9082,Chocolate Powder,196-C4,165,140,123,A58C7B,,
SW9083,Dusted Truffle,197-C4,156,131,115,9C8373,,
SW9084,Cocoa Whip,198-C4,160,142,126,A08E7E,,
SW9085,Touch of Sand,199-C1,213,199,186,D5C7BA,,
SW9086,Cool Beige,199-C2,198,181,167,C6B5A7,,
SW9087,Smoky Beige,199-C3,185,167,150,B9A796,,
SW9088,Utaupeia,199-C4,165,143,123,A58F7B,,
SW9089,Llama Wool,199-C5,145,120,100,917864,,
SW9090,Caraïbe,199-C6,120,95,76,785F4C,,
SW9091,Half‐Caff,199-C7,96,76,61,604C3D,,
SW9092,Iced Mocha,200-C4,163,132,108,A3846C,,
SW9093,Nearly Brown,201-C4,168,142,118,A88E76,,
SW9094,Playa Arenosa,202-C1,220,199,179,DCC7B3,,
SW9095,Ginger Root,202-C2,210,183,158,D2B79E,,
SW9096,Beige Intenso,202-C3,197,168,141,C5A88D,,
SW9097,Soft Fawn,202-C4,181,151,120,B59778,,
SW9098,Baked Cookie,202-C5,137,103,74,89674A,,
SW9099,Saddle Up,202-C6,114,82,55,725237,,
SW9100,Umber Rust,202-C7,118,81,56,765138,,
SW9101,Tres Naturale,203-C1,220,199,173,DCC7AD,,
SW9102,Quinoa,203-C2,207,181,151,CFB597,,
SW9103,Farro,203-C3,193,164,133,C1A485,,
SW9104,Woven Wicker,203-C4,185,153,116,B99974,,
SW9105,Almond Roca,203-C5,167,131,97,A78361,,
SW9106,El Caramelo,203-C6,148,110,72,946E48,,
SW9107,Über Umber,203-C7,123,88,56,7B5838,,
SW9108,Double Latte,204-C4,167,140,113,A78C71,,
SW9109,Natural Linen,205-C1,223,211,195,DFD3C3,,
SW9110,Malabar,205-C2,207,190,169,CFBEA9,,
SW9111,Antler Velvet,205-C3,192,173,150,C0AD96,,
SW9112,Song Thrush,205-C4,175,152,127,AF987F,,
SW9113,Mudslide,205-C5,160,133,104,A08568,,
SW9114,Fallen Leaves,205-C6,143,118,89,8F7659,,
SW9115,Cowboy Boots,205-C7,105,82,57,695239,,
SW9116,Serengeti Grass,206-C4,171,149,121,AB9579,,
SW9117,Urban Jungle,207-C4,164,148,126,A4947E,,
SW9118,Tarnished Treasure,208-C4,185,164,126,B9A47E,,
SW9119,Dirty Martini,209-C1,221,208,182,DDD0B6,,
SW9120,Tumblin' Tumbleweed,209-C2,205,187,156,CDBB9C,,
SW9121,Sawgrass Basket,209-C3,195,176,144,C3B090,,
SW9122,Dried Edamame,209-C4,177,159,128,B19F80,,
SW9123,Barro Verde,209-C5,159,142,113,9F8E71,,
SW9124,Verde Marrón,209-C6,135,116,89,877459,,
SW9125,Oliva Oscuro,209-C7,102,84,57,665439,,
SW9126,Honed Soapstone,211-C4,157,152,135,9D9887,,
SW9127,At Ease Soldier,212-C4,158,153,133,9E9985,,
SW9128,Green Onyx,213-C4,152,154,130,989A82,,
SW9129,Jade Dragon,214-C4,144,152,134,909886,,
SW9130,Evergreen Fog,215-C4,149,151,138,95978A,,
SW9131,Cornwall Slate,216-C4,148,148,136,949488,,
SW9132,Acacia Haze,217-C4,150,156,146,969C92,,
SW9133,Jasper Stone,218-C4,141,158,151,8D9E97,,
SW9134,Delft,219-C4,139,159,160,8B9FA0,,
SW9135,Whirlpool,220-C4,128,150,157,80969D,,
SW9136,Lullaby,221-C1,203,212,212,CBD4D4,,
SW9137,Niebla Azul,221-C2,182,195,196,B6C3C4,,
SW9138,Stardew,221-C3,166,178,181,A6B2B5,,
SW9139,Debonair,221-C4,144,160,166,90A0A6,,
SW9140,Blustery Sky,221-C5,111,132,140,6F848C,,
SW9141,Waterloo,221-C6,83,104,114,536872,,
SW9142,Moscow Midnight,221-C7,32,70,82,204652,,
SW9143,Cadet,222-C4,145,153,156,91999C,,
SW9144,Moonmist,223-C1,201,217,224,C9D9E0,,
SW9145,Sleepy Hollow,223-C2,183,201,209,B7C9D1,,
SW9146,Faded Flaxflower,223-C3,158,180,192,9EB4C0,,
SW9147,Favorite Jeans,223-C4,138,163,177,8AA3B1,,
SW9148,Smoky Azurite,223-C5,112,141,158,708D9E,,
SW9149,Inky Blue,223-C6,78,114,135,4E7287,,
SW9150,Endless Sea,223-C7,50,88,110,32586E,,
SW9151,Daphne,224-C4,137,156,170,899CAA,,
SW9152,Let it Rain,225-C4,151,159,165,979FA5,,
SW9153,Moonlit Orchid,226-C4,148,145,148,949194,,
SW9154,Perle Noir,226-C7,79,77,81,4F4D51,,
SW9155,Slate Violet,227-C4,152,145,146,989192,,
SW9156,Gris Morado,228-C4,143,138,145,8F8A91,,
SW9157,Autumn Orchid,229-C4,157,144,147,9D9093,,
SW9158,Coquina,230-C4,157,141,142,9D8D8E,,
SW9159,Auger Shell,231-C4,159,146,145,9F9291,,
SW9160,Armadillo,232-C4,158,144,137,9E9089,,
SW9161,Dustblu,234-C4,149,155,160,959BA0,,
SW9162,African Gray,235-C4,147,152,153,939899,,
SW9163,Tin Lizzie,236-C4,147,149,145,939591,,
SW9164,Illusive Green,237-C4,146,148,141,92948D,,
SW9165,Gossamer Veil,238-C1,211,206,196,D3CEC4,,
SW9166,Drift of Mist,238-C2,220,216,208,DCD8D0,,
SW9167,Polished Concrete,240-C4,158,151,147,9E9793,,
SW9168,Elephant Ear,241-C4,152,143,133,988F85,,
SW9169,Chatura Gray,242-C4,160,146,135,A09287,,
SW9170,Acier,244-C4,158,153,145,9E9991,,
SW9171,Felted Wool,245-C4,151,144,131,979083,,
SW9172,Studio Clay,246-C4,149,141,127,958D7F,,
SW9173,Shiitake,248-C1,200,188,171,C8BCAB,,
SW9174,Moth Wing,249-C4,160,144,127,A0907F,,
SW9175,Deep Forest Brown,252-C4,57,52,55,393437,,
SW9176,Dress Blues,253-C1,43,67,96,2B4360,,
SW9177,Salty Dog,253-C2,35,64,88,234058,,
SW9178,In the Navy,253-C3,40,56,73,283849,,
SW9179,Anchors Aweigh,253-C7,43,52,65,2B3441,,
SW9180,Aged White,261-C4,232,222,205,E8DECD,,
SW9182,Rojo Marrón,277-C2,75,48,41,4B3029,,
SW9183,Dark Clove,277-C4,76,61,49,4C3D31,,
SW9184,Foxhall Green,278-C3,69,75,64,454B40,,
SW9185,Marea Baja,279-C7,46,84,100,2E5464,,
SW9186,Caramelized,291-C4,194,152,113,C29871,,
