1,Hint of Vanilla,#eee8dc
2,Elusive White,#e8e3d6
3,Nilla Vanilla,#f1ebe0
4,Child of Heaven,#f1ebe0
5,Kiara,#f5ecdc
6,Little Dove,#ebe0ce
7,Cotton Ball,#f5efde
8,Casa Blanca,#f4ecd8
9,Chapel Wall,#f3ead7
10,Petticoat,#efe5ce
11,Sugar Dust,#f8f6ed
12,Bunny Cake,#f5efe2
13,Sphere,#f2e8cc
14,Twill,#f0e8d3
15,White Glove,#f9f4e3
16,Pumice Stone,#f7f1df
17,Luna Moon,#eceae1
18,Dove White,#e6e2d8
19,Mystic Fog,#eae9e1
20,Bonaire,#e6e2d7
21,Barely White,#e1e3dd
22,White Kitten,#dfdfdb
23,Shell Tint,#ecf0e9
24,Just About White,#e8e8e0
25,Prismatic Pearl,#eae8dd
26,Moon Drop,#ddd5c9
27,White Fence,#e8e4d9
28,Bannister White,#e1e0d6
29,Cherish is the Word,#e6e4da
30,Lady Nicole,#d6d6cd
31,Italian Ice,#e2e0d3
32,Ice Dream,#eaebe1
33,Chafed Wheat,#f6e0cf
34,Here Comes the Sun,#f1d0be
35,Weekend Retreat,#e9c2ad
36,Fortune's Prize,#daa994
37,Money Tree,#c9937a
38,Autumn's Hill,#ba7a61
39,Mandalay Road,#a05f45
40,Antique Candle Light,#f4e1d6
41,Chinese Cherry,#f1d7cb
42,Antoinette Pink,#e7c2b4
43,Angel Breath,#dcaf9f
44,Calliope,#c89a8d
45,Sizzling Hot,#a36956
46,Valentino,#7f4738
47,Sand Island,#f4d1c2
48,Embrace,#e8b8a7
49,Auburn Wave,#d8a394
50,Simmering Ridge,#cb9281
51,Caramel Candy,#b3715d
52,Spiced Carrot,#a4624c
53,Remaining Embers,#8a4c38
54,Wink Pink,#f8e8df
55,Strawberry Whip,#f9d7cd
56,Dainty Debutante,#f4bdb3
57,Marble Pink,#d28279
58,Angelic Choir,#b8665c
59,Quintessential,#8c4f46
60,Parlor Rose,#893e39
61,Pinkathon,#f1bdba
62,Blooming Perfect,#d89696
63,Impatient Heart,#c47d7c
64,Lord Baltimore,#b76764
65,Poppy Prose,#ae605b
66,Wild Rose,#90343a
67,Lover's Kiss,#8f3b3d
68,Summer Blush,#f7dfd7
69,Empire Rose,#e7c5c1
70,O Fortuna,#e1b8b5
71,Ruby Eye,#d0a2a0
72,Notice Me,#ba8686
73,Corazon,#9d6663
74,Emperor's Robe,#7b4940
75,Pink Duet,#f8e7e4
76,Fantastic Pink,#e6c8c9
77,Pink Softness,#deb8bc
78,Be Mine,#c99ea3
79,Prophetess,#be8b8f
80,Abra Cadabra,#966165
81,Berry Crush,#73413e
82,Rose Shadow,#f4d6d6
83,Pink Coral,#eccacc
84,Quiet Pink,#e6bcc0
85,Fragrant Satchel,#d9a2aa
86,King's Cloak,#c48692
87,Cinnapink,#a6646f
88,Casandra,#7c4549
89,Star of Morning,#ebbbbe
90,Moon Goddess,#d8a7ae
91,Garnet Shadow,#c89095
92,Fresh Day,#af7074
93,Herald of Spring,#a46366
94,Starlet,#854e51
95,Queen's Rose,#753a40
96,Morning Side,#f3e2df
97,Odyssey Plum,#e1c2c5
98,Lockhart,#be9aa2
99,Lover's Tryst,#a47c85
100,Whimsy,#8b5e63
101,Fruitful Orchard,#773b3e
102,Earthly Pleasure,#693c3b
103,Hosanna,#dbb8bf
104,Victorian Cottage,#d5afb6
105,Harvest Blessing,#c49ca6
106,Rare Find,#ae7e8a
107,Prosperity,#915f66
108,Exotica,#7a424e
109,Kung Fu,#643b42
110,Baby Bunting,#edc9cd
111,Acadia Bloom,#e5b7be
112,Lady Flower,#d0a4ae
113,Punch of Pink,#b68692
114,Montrose Rose,#9d6a73
115,Sophistication,#713545
116,Cordova Burgundy,#7c3744
117,Satin Slipper,#f1d7d1
118,Miniature Posey,#e5beba
119,Angela Canyon,#c99997
120,Summer's Eve,#a97069
121,Savanna,#874c44
122,Outrageous,#824438
123,Monterey Chestnut,#7d4235
124,Merlins Beard,#efe2d9
125,Pout,#e4ccc3
126,Sauterne,#d7bbb3
127,Andes Ash,#c1a097
128,Rocky Mountain,#a9867d
129,Arrowhead,#8f685d
130,Evolution,#704a3d
131,Cliffswallow,#ecddd4
132,Summer Beige,#dbc2b9
133,Natchez,#ba9f95
134,Baby Sprout,#a78b81
135,Emerging Leaf,#987a6e
136,Amazon Mist,#7f6054
137,Hideaway,#654637
138,Coconut Macaroon,#dacac0
139,Souffl?,#cebbb3
140,Cozy Cover,#b7a299
141,Bush Buck,#a48d83
142,Ranch House,#7b645a
143,Connoisseur,#654e44
144,Film Noir,#473933
145,Flax Flower,#f0e0d5
146,Truffles,#ead7cd
147,Cave Painting,#d3baae
148,Oak Plank,#c8a99a
149,Pavilion Tan,#b29080
150,Temptation,#956e5f
151,Coffee Shop,#725042
152,Flirt,#f0dac5
153,Take-Out,#e6ccb7
154,Romulus,#dfc1a8
155,Cowhide,#cda688
156,Skinny Dip,#b58a6e
157,Dodge Pole,#a37355
158,Mover and Shaker,#855d44
159,Senior Moment,#f1e0cf
160,Kingdom's Keys,#e9cfb7
161,Tiny Calf,#e0bfa5
162,Apple Pie,#caab94
163,Camel Train,#af8e75
164,Veldrift,#a17d61
165,Cavern Sand,#947054
166,Pastel Day,#f7e6d2
167,First Date,#e7cfb7
168,Candle Light,#ddc1a6
169,Fossil Tan,#d1af90
170,Blonde Shell,#be9673
171,Golden Glove,#9e7551
172,Chasm,#876044
173,Pale Gingersnap,#eaddca
174,Maple Pecan,#e3d1bb
175,3am Latte,#c0a98e
176,Country Dweller,#b0967c
177,Weaver's Tool,#9d7f62
178,Cupcake,#8a6e53
179,Fall in Season,#7f6144
180,Fresh Linen,#ece2d4
181,Ageless,#e0d2c2
182,Ivory Ridge,#d9c9b8
183,Moth Wing,#ccbca9
184,Macadamia Brown,#bba791
185,Noble Crown,#8d755d
186,Christmas Ornament,#6e5a49
187,White Lightning,#eee2d3
188,Baguette,#ccbbab
189,Delicate Honeysweet,#bcab99
190,Village Crier,#ad9986
191,Dusty Path,#8c7763
192,Dapper,#715b49
193,Alpha Male,#715a45
194,August Moon,#e5e0d5
195,Mossy Shade,#dbd2c7
196,Overgrown,#cec6b8
197,Thistle Gray,#c0b6a8
198,Young Colt,#a79b8c
199,Sandy Shoes,#847563
200,Stony Field,#615547
201,Sparkling Champagne,#eceadd
202,Powder Cake,#dfd7ca
203,Whale Bone,#d0c8bb
204,Marshy Habitat,#b8aea2
205,Wood Shadow,#a79e90
206,Thatched Cottage,#837766
207,Ares Shadow,#62584c
208,Umber Style,#ece7dd
209,Polished,#ded8ce
210,Hidden Cove,#cdc7bd
211,Light Lichen,#bfb6a9
212,Big Spender,#a79c8e
213,Coastal Fog,#7e7264
214,Wildwood,#60554c
215,Herare White,#e7e0d3
216,Earthling,#ded6c7
217,Oak Tone,#d0c7b6
218,Drifting Sand,#a89f93
219,Camel's Hump,#817667
220,Monk's Cloth,#6e6355
221,Brown Suede,#5b4f41
222,Au Natural,#e5e1ce
223,White Elephant,#e3dbc8
224,Pebblebrook,#d8d0bc
225,Roman Ruins,#c0b5a0
226,Sedge,#b1a591
227,Moonscape,#8b7e6a
228,Hannover Hills,#685d4a
229,Feather Stone,#e3ded2
230,Harrow Gate,#dbd4c7
231,Desert Mirage,#d2cabc
232,Frond,#c2baab
233,Deep Marsh,#ada18e
234,Industrial Strength,#877a65
235,Black Heath,#675a49
236,Sunday Gloves,#e8d4b9
237,Flan,#e2c8aa
238,Crowned One,#d4b597
239,Tailored Tan,#bd9d7e
240,Spiced Rum,#ad8b6a
241,Prince Paris,#9d7957
242,Rare Happening,#8d6a48
243,Frozen Custard,#ead0ac
244,Mulled Cider,#e3c39b
245,Caramel Cloud,#d4af85
246,Cinnamon Toast,#caa272
247,Apple Crisp,#bb8e5e
248,Safari Sun,#b4875e
249,Butterscotch Mousse,#a97d54
250,Pumpkin Spice,#f5e7cf
251,Alchemy,#efd7b8
252,October Bounty,#e3c6a3
253,Honey Glow,#e0bf99
254,Living Large,#d7b387
255,Back to Basics,#c49a69
256,Crazy Horse,#a57648
257,Shortbread,#ebd9bd
258,Classic Terra,#e4ceae
259,Persian Fable,#d2bb9c
260,Cocoa Nib,#bc9f7e
261,Tan Hide,#af926d
262,Log Cabin,#9e805b
263,Country Charm,#8d6c48
264,Palest of Lemon,#e6d6bb
265,Marshmallow Mist,#e0caaa
266,October Harvest,#d1bb98
267,Season Finale,#bea27b
268,Rich Oak,#a7855a
269,Sahara Wind,#8b6a3f
270,Graham Crust,#806240
271,Clover Honey,#ebe0d1
272,Mineral Water,#ded1bd
273,Sandstone Palette,#d9ccb6
274,Polished Marble,#d0bc9d
275,Highlight,#bba583
276,Gold Taffeta,#a48b68
277,Golden Freesia,#876f4d
278,Barberry Sand,#e1d4bc
279,Garden Country,#d6c5a9
280,Wicker Basket,#c7b699
281,Olive Gold,#bfac8b
282,Vintage Gold,#b79e78
283,Historic Town,#a18a64
284,Queen Lioness,#77613d
285,Eugenia,#f2e8d4
286,Yellow Page,#eadcc6
287,Muslin Tint,#e0cdb1
288,Golden Buff,#dec8a3
289,Prairie Sand,#c9b18a
290,Key Keeper,#a48a62
291,Rutherford,#8d734f
292,Privileged,#f3ead7
293,What Inheritance?,#e8d7bc
294,Rub Elbows,#e2d0b0
295,Spanish Cream,#d6c2a0
296,Only Yesterday,#c9b08a
297,Gold Season,#b19971
298,Brocade,#8b7045
299,Allison Lace,#f3ead5
300,Ivory Parchment,#efe3ca
301,Corinthian Pillar,#e1d1b1
302,Rich Reward,#b9a37f
303,Bauhaus Gold,#b0986f
304,Gold Tangiers,#9e865e
305,Golden Summer,#816945
306,Saffron Tint,#f3ead5
307,Putting Bench,#f1e4c9
308,Coconut Crumble,#e2cea6
309,Palmetto Bluff,#ceb993
310,Sassafras,#baa47a
311,Life Exotic,#ae9567
312,September Gold,#8d7548
313,Chic Magnet,#ede1c8
314,Trade Secret,#e6d8bd
315,Peaceable Kingdom,#ddccac
316,Golden Lake,#d8c7a2
317,Green Gold,#c5b088
318,There's No Place Like Home,#ad9569
319,Herald's Trumpet,#8a754c
320,Floating Island,#ece5cf
321,Hephaestus,#e1d4b6
322,Gabriel's Light,#dacca8
323,Star of Gold,#baa87d
324,Upon Reflection,#ac986a
325,Welcome Home,#907c51
326,Bambino,#7e6c45
327,Tawny Daylilly,#eee4d1
328,Land of Trees,#e0d5b9
329,Knit Cardigan,#d6c8a8
330,Castaway Beach,#d0c19f
331,Refined,#c1b38c
332,All Nighter,#9d8d67
333,Grasslands,#7a6b49
334,Sedona,#e7e0cf
335,Illusive Dream,#e1d5c2
336,Soft Leather,#c5baa6
337,Urban Charm,#aea28c
338,Whipcord,#a09176
339,Ceramic Pot,#908268
340,Nightfall,#61523d
341,Loch Ness,#e8e1ce
342,Velum Smoke,#d6ceb9
343,Cantera,#cec5af
344,Courtyard,#c8bda4
345,Travertine Path,#b5ab8f
346,Northeast Trail,#948666
347,Jungle Cover,#6d6249
348,Dried Grass,#ddd5bf
349,Reseda,#d0c7b0
350,Helen of Troy,#c3b89f
351,Mohalla,#a79b7e
352,Shagbark Olive,#90876b
353,Becker Gold,#776949
354,Austere,#726848
355,Twinkle Twinkle,#f3f2e8
356,Moth Mist,#edebde
357,Moss Island,#dddccc
358,Silky Green,#c7c0a9
359,Green Sleeves,#a19675
360,Land Before Time,#8a7f5d
361,Georgia on My Mind,#746a4b
362,Pale Quartz,#efeada
363,Mission Hills,#e2dac3
364,Stone Hearth,#d0c6a9
365,Abbey Stone,#a29778
366,Owlet,#90845f
367,Chocolate Velvet,#7f7453
368,Folk Tales,#766a47
369,Saturnia,#dddbce
370,Palatine,#c9c7b6
371,Fiorito,#bfbfaf
372,Historic Shade,#ada791
373,Burning Idea,#8f8b72
374,Candle Wax,#6f6a53
375,African Queen,#645e42
376,Bleached Meadow,#eae5d5
377,Montezuma,#d2cdb6
378,Garden Hedge,#c7c1a8
379,Orestes,#9f9b84
380,Mirrored Willow,#8d876d
381,Sonata,#7e795e
382,Mount Olive,#716646
383,Natural Whisper,#f0e8cf
384,Cheese Please,#ede5cb
385,Howdy Neighbor,#ded2aa
386,Hippolita,#cfc294
387,Goldie Oldie,#baad75
388,Shiny Gold,#ae9f65
389,Gold Sparkle,#786b3d
390,Olive Tint,#efebd7
391,Crispa,#e7dfc1
392,Alsot Olive,#dfd5b1
393,Inviting Gesture,#cdc29d
394,High Chief,#bdb388
395,Crack Willow,#b0a470
396,Wing Man,#7a6f39
397,Hidden Paradise,#ecebd5
398,Island Embrace,#ded9b4
399,Sawgrass Cottage,#d3cda2
400,New Foliage,#c2bc90
401,Bamboo Forest,#b1a979
402,Sabo Garden,#978d59
403,Tropical Twist,#837946
404,Translucent Vision,#e4e6d0
405,Planet Earth,#daddc3
406,Home Body,#cfd2b4
407,Vapor,#c0c4a2
408,Rediscover,#b5b790
409,Green Cast,#919365
410,Old School,#686945
411,Cyprus Spring,#f2f2ea
412,Sublime,#ecede0
413,Speak to Me,#dfdfd0
414,Plume Grass,#c6c7b0
415,French Pear,#9e9f7d
416,Taffeta Sheen,#81825f
417,Aloe Leaf,#61643f
418,Onion Skin,#ebe8dc
419,Poseidon's Beard,#d9d6c7
420,Dave's Den,#c3bfae
421,Silverado Ranch,#a7a89b
422,Everlasting Sage,#949587
423,Eye of the Storm,#6b6a5b
424,Monogram,#595747
425,Pale Green Tea,#e2e2d2
426,September Song,#d5d8c8
427,Arbor Vitae,#bbc3ad
428,Lucky Day,#929a7d
429,Pendula Garden,#7b8267
430,Vegetarian,#595d47
431,Clover Patch,#464a3b
432,Sweet Spring,#ededde
433,Grassy Glade,#d8ddca
434,Lush Meadow,#c0cbb1
435,Big Fish,#99a38e
436,Fern Gully,#838c72
437,Bowling Green,#717b61
438,Delicious,#585e46
439,Numero Uno,#e2e6de
440,Pale Loden,#ccd2ca
441,Slate Stone,#acb4ac
442,Dowager,#838c82
443,Serpentine,#5e5e51
444,Grime,#565143
445,Deep Shadow,#514a3d
446,Sealskin Shadow,#e9ece6
447,Metal Flake,#d8dcd6
448,Ice Flow,#bdc3bd
449,Cannon Ball,#99a098
450,River God,#6c6c5f
451,Evening Dove,#545243
452,Ruggero Grey,#484435
453,Feather Fern,#d5dcd0
454,Marble Green,#cbd4c8
455,Favored One,#bfcabd
456,Fair Maiden,#a5b3a5
457,Heavenly Garden,#93a394
458,Malarca,#6e7d6e
459,Pleasant Hill,#4d5a4c
460,Just a Little,#dbe0d6
461,Calm Breeze,#ccd5cd
462,Resting Place,#bcc8be
463,Gaelic Garden,#a5b3ab
464,Kathleen's Garden,#8fa099
465,Earthen Cheer,#667971
466,Green Column,#465149
467,Sweet Ariel,#e5eae3
468,Mellow Blue,#d7e2dd
469,D?j? Vu,#bed1cc
470,Dreaming of the Day,#abc1bd
471,Miracle Bay,#799292
472,Micropolis,#556e6b
473,Atlantic Waves,#264243
474,Raindance,#d6ded5
475,Foggy Mist,#c8d1cc
476,Lighthouse View,#bac5be
477,Ocean Cruise,#acb8b2
478,Singing in the Rain,#8e9c98
479,Stairway to Heaven,#67716e
480,Deep Sea Shadow,#4e5856
481,Dream Catcher,#dae4dc
482,Powdered Pool,#c7d6d0
483,Indulgence,#afc2c1
484,Stormy Bay,#9aafaf
485,North Beach Blue,#849c9d
486,Paradise City,#5f7475
487,Deep Space,#435454
488,Luna Light,#c2ceca
489,Whirlwind,#b6c3c1
490,Beacon Fog,#9caaac
491,Smoky Day,#7d8f92
492,Polar Pond,#6b7b7b
493,Spacebox,#5c6b6b
494,Dark River,#3e4445
495,Breakwaters,#d9e5e0
496,Cape Hope,#bfd3d2
497,Restful Retreat,#b1c7c9
498,Wonder Land,#92adb2
499,Ocean Melody,#7d999f
500,Bowman Blue,#587176
501,Calm Interlude,#3c4d51
502,Ocean Crest,#d6dddd
503,Water Droplet,#bdc9ce
504,Indian Tears,#9eb0bb
505,In Good Taste,#8999a4
506,Ocean Storms,#70818e
507,Deep Lagoon,#5e6c76
508,Midnight Magic,#46474a
509,Beryl Pearl,#e2e3df
510,Sacred Spring,#c7cbce
511,Cystern,#a9b0b6
512,Overcast Day,#8f99a2
513,Backwater,#687078
514,Thunderstorm,#555c64
515,Silent Sea,#2a2b2c
516,Diamond Stud,#dbdbda
517,Cool Elegance,#cfcfd0
518,Let It Rain,#b6b8bd
519,Baby Seal,#9da3ac
520,Slate Tint,#7a818d
521,Dolphin Dream,#6b6f78
522,Octavius,#38393f
523,Felicity,#e5e4df
524,Nomadic Travels,#cacecc
525,Marseilles,#b7bbbb
526,Metropolis Mood,#99a1a5
527,London Road,#7f878a
528,Greybeard,#626869
529,Black Licorice,#3a3b3b
530,Metro,#d4d5d0
531,Snowglory,#c8c8c4
532,Rand Moon,#b7b7b4
533,Techile,#9fa1a1
534,Subtle Shadow,#7f8282
535,Zen Retreat,#5b5d5c
536,Subway,#454543
537,Dove's Wing,#e2dfda
538,Santo,#d6d2ce
539,Place of Dust,#c6c3c0
540,Praise Giving,#b2b1ae
541,Smoky Tone,#9d9e9d
542,Captain Nemo,#828080
543,November Storms,#423f3b
544,Venetian Wall,#e3dcd6
545,Old Grey Mare,#dad7d3
546,Paternoster,#c7c7c6
547,Tin Man,#afadad
548,Jet Gray,#9d9a9a
549,Emu,#756e6d
550,Gargoyle,#60544f
551,Orchid Shadow,#cbc5c2
552,North Island,#bcb6b4
553,Smoky Wings,#b2aca9
554,Sparrow,#999494
555,Ocean Frigate,#7a7778
556,Smokescreen,#5e5755
557,Evermore,#463e3b
558,Queen Anne's Lace,#f0ece2
559,Always Neutral,#dfd7cb
560,Awakening,#d5cbbe
561,Indian Hills,#aea69b
562,Sultry Castle,#948d84
563,Vigilant,#81796f
564,Bad Hair Day,#605547
565,Eskimo Boot,#eae6dc
566,Sheepskin,#cfc7bd
567,Hearthstone,#c7beb2
568,Cloudy Today,#a6a096
569,Fireplace Mantel,#847c70
570,Grey Locks,#72695e
571,Terra Pin,#534d42
572,Power Lunch,#d4d1c7
573,Chintz,#c0bbae
574,Shark Fin,#a5a39a
575,Greystoke,#88857d
576,Stormy Weather,#777367
577,King Fischer,#6e6a5e
578,Philosophically Speaking,#4d483d
579,Turkish Tower,#d9d9d1
580,Rippled Rock,#c4c5bc
581,Fossilized,#b6b8b0
582,Paved Path,#828782
583,Billowing Smoke,#6e726a
584,Tornado Wind,#60635f
585,Oyster Catch,#4a4c45
586,Wind Blown,#dde3e7
587,Atmospheric Pressure,#c2d0e1
588,Babbling Creek,#a7bad3
589,Celestial Horizon,#7c94b3
590,Madonna Blue,#5f7799
591,Blue Jacket,#597193
592,Quiet Peace,#3a4a64
593,Surf's Surprise,#c4d3e5
594,Simply Sparkling,#b0c5e0
595,Sail into the Horizon,#a3bbdc
596,Lazy Day,#95aed1
597,Himalaya Sky,#7695c2
598,Caribbean Current,#5678a9
599,Florida Waters,#2a4983
600,Melting Glacier,#eceeed
601,Cool Sky,#dbe4ec
602,Fluid Blue,#c5d6eb
603,Angela Bay,#a9c1e5
604,Blue Skies Today,#95afdc
605,Capri Isle,#4f72b3
606,Frozen Blue,#354079
607,Brush Blue,#d4e1ed
608,Modern Blue,#bad1e9
609,Innuendo,#9abce4
610,Blue Parlor,#85abdb
611,Bashful Blue,#6994cf
612,Parkwater,#477bbd
613,Blue Highlight,#324a8b
614,Simple Serenity,#c8d9e5
615,Blue Bayou,#b4ccdf
616,Bluette,#9ebed8
617,John's Blue,#82a3c0
618,Heavenly Sky,#6b90b3
619,Honky Tonk Blue,#446a8d
620,Star-Studded,#32425a
621,Nuance,#d2dde0
622,Serene Setting,#c5d2d9
623,Pompeii Ruins,#b5c7d4
624,Blue Pot,#9aaec0
625,North Sea,#859bb1
626,Blue Depths,#5a7187
627,Into the Stratosphere,#425267
628,Illuminating Experience,#dee4e0
629,Polished Cotton,#c7d4d7
630,Star Mist,#b3c6ce
631,Chicago Skyline,#96adba
632,Breath-Taking View,#809bac
633,Cape Cod Bay,#557080
634,Day Spa,#3d5463
635,Aquafir,#e2eced
636,Empress Lila,#c4deed
637,Marzena Dream,#a6d0ec
638,Watery Sea,#88bfe7
639,Acapulco Dive,#65a7dd
640,Skylla,#1f7cc2
641,Dancing Sea,#1c4d8f
642,Sea Foam Mist,#cbdce2
643,Abstract Idea,#b9d1dd
644,Dancing in the Rain,#abc5d6
645,Calm Tint,#8db1ce
646,Key West Zenith,#759fc1
647,Zenith,#497a9f
648,Happy Tune,#345875
649,Divine Inspiration,#d8e2e1
650,Bridgewater Bay,#bcd7e2
651,Soft Blue,#a8ccdd
652,Mountain Main,#8db8d0
653,Sea of Atlantis,#6aa1c1
654,Peninsula,#37799c
655,Queen of the Night,#295776
656,Roman White,#deedeb
657,Kyoto,#bee3ea
658,Orleans Tune,#97d5e7
659,Lasting Thoughts,#72c7e3
660,Epimethius,#4bb2d5
661,Charybdis,#16a3cb
662,Ocean Spray,#005379
663,Falling Tears,#e9efeb
664,Zircon Ice,#d0e4e5
665,Monet Magic,#bbdade
666,Trisha's Eyes,#8eb9c4
667,Blessed Blue,#659aa7
668,Wish Upon a Star,#447f8a
669,Frozen Stream,#30555d
670,Drifting Tide,#dfefeb
671,Egg Blue,#c1e7eb
672,Quiet Pond,#94d8e2
673,Enchanted Evening,#63c3d3
674,Sarah's Garden,#00aac1
675,Blue Bliss,#0092aa
676,Job's Tears,#005b7a
677,Eastern Wind,#ceefea
678,Luxor Blue,#bde9e5
679,Everest,#a0e3e0
680,Andes Sky,#78d8d9
681,Cyan Sky,#00b5b8
682,Pleasant Stream,#00a0a2
683,Joyful Tears,#006669
684,Snow Drift,#e1efe8
685,Dillard's Blue,#d6e9e4
686,Outerspace,#b4dcda
687,Stillwater,#8cc1c2
688,Cold North,#559c9b
689,Atmosphere,#3a8483
690,Blue Period,#075158
691,Paradise,#def1ea
692,Barely Aqua,#bae9e0
693,Island Breeze,#8adacf
694,Turkish Teal,#72cac1
695,Indian Necklace,#3fb2a8
696,Meringue,#009c8e
697,Arizona Stone,#00655a
698,Calm Thoughts,#e5ede2
699,Lickety Split,#c2d9d1
700,Uninhibited,#b5d1c7
701,Plunge,#a4c2b9
702,Peg's Promise,#8caca2
703,Mountain Meadow,#66887b
704,Plateau,#49665a
705,Bay Green,#d3ebe0
706,Filtered Forest,#b7e1d2
707,Shimmering Glade,#a3d6c5
708,Catarina Green,#90c4b4
709,Calmness,#68a895
710,On the Nile,#488d74
711,Cute Pixie,#1a5445
712,Teal Treat,#d9f2e3
713,Mediterranean Mist,#bce9d6
714,Turquoise Tower,#a8e3cc
715,Aquamarine Ocean,#82cdad
716,Blue Green Scene,#56b78f
717,Tropical Tale,#2a9e6e
718,Aquadazzle,#006f49
719,Mint Grasshopper,#e2f0e0
720,Silky Mint,#d7ecd9
721,Leaves of Spring,#c5e6cc
722,Liliana,#a5d5b3
723,Goddess Green,#76ad83
724,Wildness Mint,#5d9865
725,Melbourne,#4c7c4b
726,Hidden Jade,#ebf1e2
727,Graceful Mint,#daeed5
728,Celtic Spring,#aadeb2
729,Garden Goddess,#99cea0
730,Lucerne,#77b87c
731,Aqueous,#56a05b
732,Tingle,#2b7b37
733,Leaf Print,#dfecd9
734,Vineyard Green,#c1dcc8
735,Cool Spring,#bbd9c3
736,Mini Green,#9fc5aa
737,Buenos Aires,#8ab395
738,Spring Forest,#67926f
739,Jungle Adventure,#486649
740,Just About Green,#e2e7d3
741,Turning Leaf,#ced9c3
742,Isle of Dreams,#bcccb5
743,Belladonna's Leaf,#adc3a7
744,Hidden Glade,#98ad8e
745,Chic Shade,#7c9270
746,Mother Nature,#566749
747,Whitewash,#e9ebd8
748,Balance,#d1dbc2
749,Perspective,#c5d0b3
750,Wispy Mint,#bcc7a4
751,Green Glass,#aab892
752,Cactus Valley,#88976b
753,Baby Vegetable,#5d6942
754,Colleen Green,#eaeeda
755,Creamy Mint,#cdddbb
756,Meadow Grass,#c1d6b1
757,Garland Pine,#b9cfa6
758,Glendale,#a1bb8b
759,Perennial Garden,#87a56f
760,Green Knoll,#647f4a
761,Maison Verte,#e5f0d9
762,Green Song,#d1e9c4
763,Graceful Flower,#bddfb2
764,Green Sheen,#b4d5a2
765,Sweetness,#91bf81
766,Gentle Caress,#7bac61
767,Golf Day,#5a8b3f
768,Restful Rain,#f1f2dd
769,Earth Happiness,#e3edc8
770,Woodland Nymph,#d4e8b3
771,Green Lime,#c1db9a
772,Wonder Woods,#abcb7b
773,Glass Bottle,#93ba59
774,Green Gone Wild,#73a236
775,Elfin Magic,#eeeeca
776,Green Mist,#e4eab9
777,Envy,#e0e7ae
778,Vacation Island,#d1d991
779,Frog Green,#c3cd7c
780,Hyper,#a6b554
781,Science Experiment,#91a135
782,Tender Shoot,#e8eace
783,Clean Air,#d8ddb6
784,Fresh Start,#cfd4a4
785,Misty Valley,#bdc389
786,Peter Pan,#a5a966
787,Totally Cool,#909853
788,Green Glow,#798040
789,Garden Seat,#ebe6c7
790,Forest Found,#e1dfbb
791,Origin,#d8d4a8
792,Footie Pajamas,#c9c489
793,Motherland,#bcb667
794,The Goods,#aaa651
795,Martina Olive,#8e8e41
796,Spotlight,#f5efd3
797,Bermuda Son,#f0e9be
798,Lemon Appeal,#efe4ae
799,Fire Dance,#e3d590
800,Yellow Umbrella,#cdbb63
801,Rain Slicker,#bca849
802,Rain Boots,#a5953b
803,Perky Tint,#fbf4d3
804,Sweetie Pie,#f5e5b5
805,Mella Yella,#f0dda2
806,Sweet Angelica,#e8d08e
807,Bright Idea,#d8b760
808,Yellow Lupine,#ccaa4d
809,Hair Ribbon,#bd9c3a
810,Annabel,#f7efcf
811,Martica,#f4e5b7
812,Gold Strand,#f3dfa6
813,Glistening,#eed288
814,Golden Glow,#eecb71
815,Lemon Surprise,#e1bc5c
816,Sin City,#cfa236
817,Best of Summer,#f7f2d9
818,Day at the Zoo,#f8f3da
819,Lemon Tint,#fcf3cb
820,Sign of the Crown,#fce299
821,Sun Touched,#fad675
822,Sunny Mood,#f7c84a
823,Sun Drops,#eaaf11
824,Hush,#f9f5dd
825,Frozen Banana,#fbf5d6
826,Banana Custard,#fcf3c5
827,Ray of Light,#fdf2c0
828,Go Go Glow,#fee18b
829,Dandy Lion,#facc51
830,Warm Fuzzies,#f5b72e
831,Lavish Lemon,#f9efca
832,Lemon Sponge Cake,#f8ecae
833,Scene Stealer,#fae89a
834,Lemon Drizzle,#fee483
835,Glitter Yellow,#f8d75a
836,Basket of Gold,#f4cc3c
837,Fresh Scent,#f1c11c
838,Fresh Cream,#fcf7e0
839,Butterball,#fff4c4
840,Lemon Zest,#fff1a5
841,Sun's Glory,#fde164
842,Sunnyside,#f8d016
843,Buttered Popcorn,#f1c800
844,Yolk,#efc700
845,Lemon Stick,#fbf7e0
846,Pure Laughter,#fdf5ca
847,Yellow Blitz,#fdf4bb
848,Yellow Tail,#fff29d
849,Lemon Peel,#ffed80
850,Citron,#ffde42
851,Happy Face,#ffd10b
852,Touch of Sun,#faf7e9
853,Lemon Lilly,#faf4d9
854,Crocus Tint,#fdf1c7
855,Butter Tart,#ffe99e
856,Broadway Lights,#ffe07b
857,Peeps,#ffcf38
858,Look at the Bright Side,#ffbf00
859,Daylilly Yellow,#f8f0d2
860,Hawaiian Cream,#fae8b8
861,Lemon Filling,#f9e4a6
862,Yellow Trumpet,#f9d988
863,I'm a Local,#ebbf5c
864,Lioness,#e0af47
865,Lemon Bar,#cea02f
866,Apple Sauce,#f4ebd2
867,Egg Noodle,#f1e3bd
868,Shortcake,#eedaac
869,Frozen Fruit,#e1ca99
870,Lemon Slice,#c4a461
871,Gold Finch,#ba9b5d
872,Saffron Valley,#a7843e
873,Washed in Light,#fae8c8
874,Kettle Corn,#f6e2bd
875,Nothing Less,#f2deb9
876,Corn Chowder,#e1c595
877,Gold Digger,#d1b075
878,Glorious Gold,#c49f63
879,Golden Cadillac,#ac864b
880,Cauliflower Cream,#f2e4c7
881,Golden Syrup,#ebd8b3
882,Marzipan,#e9d4aa
883,Follow the Leader,#dcc596
884,Gold Tweed,#c9ab73
885,Jungle Expedition,#b49356
886,Gold Estate,#977a41
887,Haystack,#f1e3c7
888,Golden Weave,#eadcc0
889,Russeau Gold,#ead6af
890,Dubloon,#d5b688
891,Silence is Golden,#c2a06d
892,Gold Ransom,#b39260
893,Rich and Rare,#977540
894,Misty Mustard,#f7ebd1
895,Rotunda Gold,#f6e0be
896,Coin Purse,#efd3aa
897,Bag of Gold,#e1bd88
898,Goby Desert,#d4aa6f
899,Bugle Boy,#bb8f4f
900,Unforgettably Gold,#ae8245
901,Spinning Wheel,#f6edda
902,Soleil,#f6deb6
903,Dainty Flower,#f5d5a4
904,Sunday Afternoon,#f1d199
905,Egyptian Gold,#e8c186
906,Cat's Eye Marble,#d6a75d
907,Millionaire,#b6843c
908,God-Given,#faf4e0
909,Autumn Child,#fbe6c1
910,Western Sky,#fadca7
911,Sunset in Italy,#f0c484
912,Tropical Dream,#e6b771
913,Angel Food Cake,#d7a14f
914,Child of the Moon,#c68d37
915,Queenly Laugh,#f9ecd0
916,Honey Cream,#fae8ca
917,Canyon Sand,#f2d6aa
918,Good-Looking,#edd2a7
919,Venice Square,#e6c591
920,Sunrise Heat,#caa061
921,Waxen Moon,#b38241
922,Cheesecake,#f7eed7
923,Tiffany Light,#fde4b4
924,First Day of School,#fadba0
925,Jonquil Trail,#f7d395
926,Perky Yellow,#f2ca83
927,Lemon Poppy,#e1ae58
928,Yellow Warning,#c69035
929,Yellow Bonnet,#f9f6e8
930,Marshmallow Fluff,#f9f3dd
931,Lemon Bubble,#fcebbf
932,Sun Splashed,#fbd795
933,Sassy Yellow,#f0c374
934,Lemon Essence,#e2ae4d
935,Yellow Shout,#d19932
936,Diantha,#fcf6dc
937,Egg Nog,#fff4d3
938,Primrose Path,#ffe3a1
939,Big Bus Yellow,#ffda8b
940,Grilled Cheese,#ffc85f
941,Glowing Lantern,#fbb736
942,Lemon Dream,#eea300
943,Picture Perfect,#fbf2d1
944,Sunrise Glow,#fff0c4
945,Treasure Seeker,#ffecaf
946,Hot Spot,#ffe597
947,Bright Halo,#ffd266
948,Bright Bubble,#ffc42a
949,Frenzy,#ffb000
950,Ivory Coast,#faf5de
951,Pound Cake,#fdf1c3
952,Rich Glow,#ffe8a0
953,Evening Star,#ffd160
954,Mac N Cheese,#ffbf2b
955,Lemon Whisper,#ffb10d
956,I Love To Boogie,#ffa917
957,Pale Narcissus,#faf5e2
958,Holy Grail,#feeec9
959,Essentially Bright,#ffde9f
960,Bread 'n Butter,#ffd182
961,Gold's Great Touch,#ffc265
962,Pieces of Eight,#ffaf38
963,Zambia,#ff990e
964,Capetown Cream,#fbebcf
965,Gold of Midas,#ffeac7
966,Starburst,#ffdba8
967,Endearment,#ffd8a1
968,Mango Madness,#ffb268
969,Au Gratin,#ff9d45
970,Orange you Happy?,#fd7f22
971,May Sun,#faead0
972,Apple Cider,#feddb8
973,Atoll Sand,#ffcf9e
974,Goosebill,#ffba80
975,Downy Feather,#feaa66
976,Cocktail Hour,#fd9a52
977,Cheddar Cheese,#f0843a
978,City of Diamonds,#fae6cb
979,Liveliness,#ffdfb9
980,Southern Breeze,#ffd4a7
981,Tuscan Wall,#fcc492
982,Taste of Summer,#f2ae73
983,Japonica,#e89952
984,Mexican Spirit,#d68339
985,Whiskers,#fcf3e5
986,Mineral Glow,#fce8ce
987,Tallow,#f7d4ae
988,Mom's Apple Pie,#eab781
989,Impulse,#d39553
990,Butterscotch Glaze,#c48446
991,Beeswax Candle,#bf7e41
992,Touch of Topaz,#f7e4d0
993,Incan Treasure,#f9ddc4
994,Sparkle Glow,#f5d2b5
995,Bread Pudding,#eabe97
996,Spice Cookie,#d89d6b
997,Gates of Gold,#d2935d
998,Gold Metal,#b17743
999,Ivory Tassel,#f8ead8
1000,Flower of Oahu,#f5dec4
1001,Cheddar Corn,#f5d4b5
1002,Tea Cookie,#e1b797
1003,Sweet Sue,#d8aa86
1004,Peace of Mind,#c1875f
1005,Flickering Flame,#aa6e49
1006,Turkscap,#f3d8be
1007,Pastel Peach,#f1caad
1008,Mango Tango,#ecc4a3
1009,Bedtime Story,#e1b090
1010,Peanut Brittle,#cd9470
1011,Semolina,#b6774f
1012,Hampton Beach,#9d603b
1013,Warm Bread,#f9e6d3
1014,Muffin Magic,#f9ddc7
1015,Canter Peach,#f6d3bb
1016,November Leaf,#f1b690
1017,Summer's End,#dc9367
1018,Sunny Horizon,#d0875a
1019,Orange Ballad,#b56d41
1020,Rapture's Light,#f6f3e7
1021,Sweet Buttermilk,#fceedd
1022,Delicate Dawn,#fed9bc
1023,Mellow Glow,#ffcfad
1024,Pumpkin Hue,#f6a379
1025,Heat of Summer,#e98d5b
1026,Casa De Oro,#cf6837
1027,Abstract White,#f8f2e4
1028,Verve,#fcedd8
1029,Pale Blossom,#ffe7ce
1030,Wispy White,#ffc196
1031,Chickadee,#ffa674
1032,Boredom Buster,#ff8e51
1033,Lava Lamp,#eb7135
1034,Autumn Wind,#fbd1b6
1035,Spiced Cider,#f5c5a8
1036,Apricot Spring,#f1b393
1037,Trumpet Flower,#e49977
1038,Jack-O-Lantern,#d37a51
1039,Pretty Parasol,#ac5d3e
1040,Dark Marmalade,#994939
1041,Flowerbed,#ffebda
1042,Peak Season,#ffdfc9
1043,Mom's Love,#ffd4bb
1044,Shooting Star,#ffb79b
1045,Creamy Orange Blush,#fe9c7b
1046,Ballet Cream,#fc8258
1047,Starfish,#f15e34
1048,Pale Shrimp,#fae4db
1049,Salmon Mousse,#fcd1c3
1050,Salmon Beauty,#fbc6b6
1051,Stucco Wall,#f1b19d
1052,Summer Memory,#df856e
1053,Sun's Rage,#a94e37
1054,Carrot Cake,#a34f3f
1055,White Meadow,#f2e7de
1056,Elizabeth Rose,#fadfd2
1057,Pink Satin,#f4c6b4
1058,Pale Terra,#eaaa96
1059,Alexandra Peach,#db9785
1060,First Lady,#c47967
1061,April Love,#8b3d2f
1062,Albino,#fbeee5
1063,Tiny Pink,#ffd6c7
1064,Mystic Tulip,#f9b3a3
1065,Rose Essence,#f29b89
1066,Sari,#e47c64
1067,Sweet Baby Rose,#c24f40
1068,Best of the Bunch,#bd5442
1069,Pink Touch,#fae2d6
1070,Peony Prize,#faddd4
1071,Cloud Number Nine,#f9cec6
1072,Lusty Orange,#efafa7
1073,Graceful Ballerina,#dd897c
1074,It's My Party,#cc7365
1075,Cherry Blink,#ad5344
1076,Baby Blossom,#faefe9
1077,Lady Anne,#fde2de
1078,Aromatic Breeze,#ffcecb
1079,Wildflower Bouquet,#ffb3b1
1080,Cherished One,#fc9293
1081,Endless Possibilities,#e0413a
1082,Tropical Heat,#c2343c
1083,Morning Blush,#f9e8df
1084,Go Go Pink,#fdd8d4
1085,Tint of Rose,#ffcbc9
1086,Nosegay,#faa4a3
1087,Bay Coral,#ec7e7c
1088,Childhood Crush,#e26d68
1089,Chuckles,#bf413a
1090,Tartlet,#fddcd9
1091,All Dressed Up,#f9cdcc
1092,Petals Unfolding,#f3bbc0
1093,Wood Nymph,#eba0a7
1094,Porcelain Rose,#dd8389
1095,Empower,#b54644
1096,The Ego Has Landed,#a75455
1097,Pale Petunia,#f8c0c7
1098,Bubblegum Pink,#f6b0ba
1099,Dimple,#e9808b
1100,Heart to Heart,#d95862
1101,Mullen Pink,#ca4042
1102,Precious Peony,#bd4048
1103,Moonrose,#a53f48
1104,Valerie,#fde6e7
1105,It's A Girl!,#ffdae2
1106,Garden Glory,#ffc1d0
1107,Bunny Fluff,#fb8da6
1108,Pink Explosion,#f56f88
1109,Party Time,#d0252f
1110,Unmatched Beauty,#b12d35
1111,Royal Wedding,#fbe3e3
1112,Wishful Thinking,#fcdadf
1113,Fruitbowl,#fdc9d0
1114,A Lot of Love,#ffbcc5
1115,Dollie,#f590a0
1116,Movie Star,#c52033
1117,Siren,#a22e34
1118,Cotton Candy,#faeeef
1119,Sweet Pea,#fbdde6
1120,Summer Cosmos,#fad1e0
1121,Dahlia Delight,#f8bbd3
1122,Rose Mallow,#f4aac7
1123,Groovy,#de6491
1124,Velvet Cake,#9d253d
1125,Hepatica,#fbe5ea
1126,Seashell Pink,#f7cfda
1127,Pepto,#e8a2b9
1128,Minuette,#d47791
1129,Punky Pink,#b2485b
1130,Obsession,#ab3756
1131,Can Can,#ac3663
1132,Sullivan's Heart,#f7c5d1
1133,Christy's Smile,#f6bbca
1134,Pegeen Peony,#ea9fb4
1135,Glam,#cf748c
1136,Romp,#983d48
1137,Ode to Joy,#9d404a
1138,Romantic Night,#96353a
1139,Tutu,#f8dddf
1140,First Daughter,#f7d2d8
1141,Deco Pink,#f6c2cc
1142,Vintage Victorian,#e59dac
1143,Rambling Rose,#d98899
1144,Temptress,#c05d6b
1145,Romeo O Romeo,#a4233c
1146,Morning Shine,#f8eaed
1147,Columbine,#f5dae3
1148,Persian Delight,#efcada
1149,Parrot Tulip,#eebfd5
1150,Pink Beauty,#dca7c2
1151,Fuscia Fizz,#b56e91
1152,Berry Patch,#84395d
1153,Vienna Dawn,#f7efef
1154,Viola,#f7e3ec
1155,Little Smile,#f8d0e8
1156,Pink Heath,#f2bddf
1157,Blossoms in Spring,#e79acb
1158,Purple Hollyhock,#d96cad
1159,Bridesmaid,#9f2c5c
1160,Petal Poise,#f8e3ee
1161,Nursery Pink,#f4d8e8
1162,Venetian Rose,#efc6e1
1163,Tiara Pink,#daa6cf
1164,Carnation Rose,#ce94c2
1165,Pink Parade,#b26ba2
1166,Noble Honor,#69354f
1167,Dream State,#efdde1
1168,Marvelous Magic,#e1c6d6
1169,Baby Girl,#ddb6cd
1170,Lavender Quartz,#bd88ab
1171,Teen Queen,#a67498
1172,Immortality,#945b7f
1173,Purple Stiletto,#624154
1174,Little Pinky,#f4edec
1175,Taffeta Tint,#f3e0eb
1176,Poodle Pink,#eecee6
1177,Rosy Cheeks,#e7bde0
1178,Rose Souvenir,#c290c5
1179,Moonlight Melody,#af73b0
1180,Berry Light,#673b66
1181,Violet Ash,#f0dce8
1182,Lilacs in Spring,#e9cfe5
1183,Romantic Ballad,#e0bedf
1184,Graceful Garden,#cba9d0
1185,Satin Flower,#b48fbd
1186,Pleasant Dream,#a379aa
1187,Joyous Song,#5b365e
1188,Maiden of the Mist,#efdceb
1189,Little Touch,#e7cfe8
1190,Glittering Gemstone,#dec0e2
1191,Cherish the Moment,#ccacd7
1192,Cut Velvet,#b391c8
1193,Crown Jewels,#946dad
1194,Magenta Red Lips,#62416d
1195,Rosie Posie,#efe4e9
1196,Naughty Marietta,#e3ccdc
1197,Lavender Veil,#d9bbd3
1198,Heather Feather,#c3adc5
1199,Enthroned Above,#ac92b0
1200,Felicia,#917292
1201,Dreamy Heaven,#594158
1202,Daring Deception,#f0dfe0
1203,Etcetera,#e1c6d4
1204,Noteworthy,#d9bacc
1205,Fashionably Plum,#b28ca9
1206,Screen Gem,#9d7798
1207,Orchid Orchestra,#876281
1208,Crowd Pleaser,#5b4459
1209,Princess Irene,#eadbde
1210,French Lavender,#dfc9d1
1211,Lavender Blessing,#d3b8c5
1212,Pansy Posie,#bca3b4
1213,Berry Bright,#a08497
1214,Majestic Plum,#806173
1215,Purple Shadow,#493843
1216,Aimee,#eee5e1
1217,Velvet Blush,#e3d5d8
1218,Odyssey Lilac,#d5c6cc
1219,Desire?,#c4adb8
1220,Play Time,#b39ba9
1221,Charming Violet,#8c7281
1222,Grape Soda,#533d47
1223,Ostrich Tail,#eadfe6
1224,Fragrant Snowbell,#d5c5d4
1225,Velour,#baa7bf
1226,Imagine That,#947c98
1227,Vivid Vision,#5e4b62
1228,Petunia Patty,#4a3c4a
1229,Eleanor Ann,#40373e
1230,Crescent Moon,#efe8e9
1231,Hosta Flower,#eae1e7
1232,Flowers of May,#e3d7e5
1233,Plum Cake,#d1bfdc
1234,Grape's Treasure,#beaecf
1235,Yolanda,#a291ba
1236,Sunset Serenade,#594265
1237,Easter Bunny,#ebe5eb
1238,Fairytale,#e5dbeb
1239,Plum's the Word,#dacee8
1240,Drifting Dream,#ccbbe3
1241,Grape Illusion,#b4a6d5
1242,Gorgeous Hydrangea,#a495cb
1243,When Red Met Blue,#564375
1244,White Bud,#e3e0e8
1245,Perfection,#d9d6e5
1246,Purple Purity,#c9c6df
1247,May Mist,#a19fc8
1248,Velvet Crest,#9291bc
1249,Purple Spire,#746f9d
1250,True Romance,#4d456a
1251,Mountain's Majesty,#d8d0e3
1252,Lavender Bliss,#cec3dd
1253,Petunia Trail,#b8b0cf
1254,Purple Vision,#a29cc8
1255,Purple Haze,#9c96c5
1256,Plum Preserve,#7c70aa
1257,Voldemort,#4d416b
1258,Sweet Flower,#e2e2ea
1259,Eyeshadow,#d9d9ea
1260,Pretty Posie,#bcbde4
1261,Childish Wonder,#a5a8d6
1262,Bailey Bells,#8a8ec9
1263,Medieval,#696db0
1264,Altar of Heaven,#4d4c80
1265,White Shoulders,#f1f0ec
1266,Penelope,#e3e3eb
1267,Casa del Mar,#cacfe6
1268,Spoiled Rotten,#b6bfe5
1269,Mood Mode,#7f90cb
1270,Wind Star,#6875b7
1271,Hot Sauna,#3f3f75
1272,Angel Kiss,#e8e8e5
1273,Wildflower Prairie,#cccfe2
1274,Genevieve,#bcc4e0
1275,High Style,#a8b1d7
1276,Velvet Robe,#939dcc
1277,Regal Azure,#6a76af
1278,Fresh Take,#505b93
1279,He Loves Me,#e1dbe3
1280,Lilac Luster,#d3cddc
1281,Collensia,#bdb7cd
1282,Butterfly Bush,#a2a1b9
1283,Lavender Spectacle,#9392ad
1284,Grapes of Wrath,#65627d
1285,Jazlyn,#464152
1286,Lavender Pizzazz,#e9e2e5
1287,Orchid Fragrance,#c9c1d0
1288,Violet Crush,#b4aec1
1289,Lilac Blossom,#9a93a9
1290,Violet Vibes,#898098
1291,Dancing in the Spring,#7b7289
1292,Plum Perfect,#514555
1293,Violet Pearl,#e1dae4
1294,Lavender Scent,#d9d4df
1295,Gypsy Caravan,#d1c8d7
1296,Violet Beauty,#bab3cb
1297,Royal Proclamation,#aaa0bc
1298,Queen of Sheba,#817699
1299,Soul Train,#58475e
1300,Winged Victory,#ebe4e2
1301,Lavender Bikini,#e5d9da
1302,Heather Hill,#bbb0bb
1303,Cut Heather,#9e909e
1304,Iced Orchid,#8e7d89
1305,Victorian Violet,#7b6a77
1306,Royal Velvet,#513e4d
1307,Clytemnestra,#e8e2e0
1308,Stardust Ballroom,#dacfd4
1309,So Dainty,#cdc0c9
1310,Velvet Dawn,#bdb0bc
1311,Gypsy's Gown,#a698a8
1312,Southern Belle,#7c6d7d
1313,My Place or Yours?,#4f434e
1314,Desired Dawn,#d8d7d9
1315,Calamities,#cecdd2
1316,Savoy,#bebdc6
1317,Buffed Plum,#aeafb9
1318,Dusky Mood,#979ba8
1319,Overlook,#686d7c
1320,Blackwater,#545663
